month,window,y,f_har,f_news,e_har,e_news,cw
1947-06,pre_vix,2.591933742831692,2.7084206599922274,2.7059761288098354,0.013569201869565381,0.013005665799587793,0.0005695118026792737
1947-07,pre_vix,2.24728464842996,2.707912733819609,2.66471507113661,0.2121782330497337,0.17424815780105257,0.03979611330995528
1947-08,pre_vix,2.432494838401215,2.512514789814796,2.5011068339185485,0.006403192624231914,0.004707605928870614,0.0018257281530920317
1947-09,pre_vix,2.1770592462100833,2.5242934822852052,2.529487900027628,0.12057161470267351,0.12420595603164679,-0.0036073593532904846
1947-10,pre_vix,1.7848298525303827,2.353324116144935,2.3739071173874176,0.32318572776265225,0.34701202397144515,-0.02340263626864486
1947-11,pre_vix,2.184122786040891,2.1041279815541114,2.1323669075865026,0.006399168744878083,0.002678670954585419,0.0045179347337555254
1947-12,pre_vix,2.2796208376898015,2.3157395549803876,2.341773516755752,0.0013045617387172858,0.003862955515075022,-0.0018806266106366114
1948-01,pre_vix,2.6070975836170436,2.3619253838671357,2.3717707213490637,0.060109407530208735,0.05537873210489275,0.004827606095449043
1948-02,pre_vix,2.5519316538481283,2.5430586093939493,2.5391750224191743,7.873091788583517e-05,0.00016273164541417702,-6.891847973769913e-05
1948-03,pre_vix,1.8530061154681456,2.505357423188144,2.502539243014694,0.4255622286839922,0.4218932837804009,0.0036768870430812783
1948-04,pre_vix,2.327669699416321,2.091251264493529,2.103115169438516,0.055893676371342446,0.050424736933552976,0.0056096916783331535
1948-05,pre_vix,2.199177324801099,2.3507930617342447,2.375291591705705,0.02298733168578083,0.031016235007346828,-0.007428725350803453
1948-06,pre_vix,2.8020451539778133,2.2736081607340206,2.2797795014013413,0.27924565582854016,0.2727614118611281,0.006522329413044148
1948-07,pre_vix,2.2004996861261423,2.608405442814839,2.6221683882959033,0.1663871063397781,0.17780449438953055,-0.011227969381437691
1948-08,pre_vix,2.7282320258503203,2.274651800627278,2.290832580008257,0.20573502071338598,0.19131827522294412,0.014678563111817783
1948-09,pre_vix,2.09127770977374,2.5723038084547443,2.5750129834248643,0.2313861076122672,0.23399981497432804,-0.0026063677330421253
1948-10,pre_vix,3.17662965726421,2.2323160435613323,2.276006870765853,0.8917282010245875,0.811121403560065,0.08251568584633773
1948-11,pre_vix,2.1323833777082766,2.863287322384236,2.844547988259683,0.5342205763428778,0.5071784325218363,0.027393306464473133
1948-12,pre_vix,2.3362740610843504,2.3120255097132905,2.3171505124008314,0.0005879922435949342,0.00036571011425092377,0.00024854778189131195
1949-01,pre_vix,2.377254837104149,2.4194202905005815,2.392365514690265,0.001777925460126732,0.00022833257711155032,0.0022815537771616722
1949-02,pre_vix,2.210349560327514,2.4426347413485545,2.453143660221005,0.053956405321977534,0.05894897494309037,-0.004882132245245092
1949-03,pre_vix,1.8299232228093152,2.348339067896043,2.36334088195777,0.26875498843698636,0.28453439909141703,-0.015554356229288024
1949-04,pre_vix,2.172220791548284,2.153371959933194,2.1529292361551793,0.0003552784532540117,0.00037216410948523037,-1.6689651887598876e-05
1949-05,pre_vix,2.5094153553250855,2.323104897856385,2.3353576858377343,0.03471158656219644,0.030296072307368003,0.004565645068144331
1949-06,pre_vix,1.9872160053777848,2.5019751258481624,2.477290406806067,0.26497695210743677,0.24017291893528916,0.0254133685263348
1949-07,pre_vix,2.2018456689858295,2.2115630675947324,2.222304682393586,9.442783572430941e-05,0.0004185712296187588,-0.000208761105407501
1949-08,pre_vix,2.543846313446245,2.3186324737087856,2.3280922790582963,0.05072127360928997,0.04654980335467606,0.004260958171864539
1949-09,pre_vix,2.005007338862456,2.4839236636949376,2.489962788020376,0.22936084619105113,0.2351817876679599,-0.005784470454290674
1949-10,pre_vix,2.0355157162450945,2.210806899978188,2.2230862640187725,0.03072699909454906,0.035182710392117615,-0.0043049285163273485
1949-11,pre_vix,1.8991602963468734,2.1512368398801844,2.1647474482363815,0.06354258379970124,0.07053653524878065,-0.006811414910924865
1949-12,pre_vix,2.192886703374394,2.0754906234991837,2.101298479532455,0.013781839570066751,0.00838840274652112,0.006059482256579688
1950-01,pre_vix,1.7568480886256908,2.2166718665502216,2.241916222817421,0.2114379067447883,0.23529109480824661,-0.023215910540113016
1950-02,pre_vix,1.9797928749797649,1.9819314774629877,2.015634810128288,4.573620581246898e-06,0.0012846443151909338,-0.00014415606186179313
1950-03,pre_vix,2.054900989216791,2.08325843223487,2.084145555693669,0.0008041445745235891,0.0008552446684205435,-5.0313105865802416e-05
1950-04,pre_vix,1.8228910181209543,2.125122878902912,2.153668596397706,0.09134409767172462,0.10941380629063259,-0.017254850631615373
1950-05,pre_vix,3.1786012578344223,2.000575882111023,2.0281757997768803,1.3877437858482562,1.3234787345469052,0.06502680675651318
1950-06,pre_vix,2.950087534220404,2.7558737821580443,2.7314853173891556,0.037718981490139636,0.047786929203536076,-0.009473150499613107
1950-07,pre_vix,2.144508891521115,2.6870538768821834,2.613189631059601,0.2943550611404422,0.21966163561434215,0.08014935233703896
1950-08,pre_vix,2.3834659144083425,2.2896134234332806,2.252386709648549,0.008808290062224092,0.017181757920459933,-0.006987639639025505
1950-09,pre_vix,2.3992817124419266,2.395691457483146,2.3659670500571277,1.2889930669049667e-05,0.0011098667298131317,-0.00021343640231616102
1950-10,pre_vix,2.756917101963911,2.4121110561682957,2.3910043567034567,0.11889120921720807,0.13389213714404224,-0.014555435164535127
1950-11,pre_vix,2.7428822575125795,2.608930304493321,2.557375669981439,0.01794312571767359,0.03441269401744864,-0.013811687960121312
1950-12,pre_vix,2.436977783022669,2.623571397872536,2.5641482020695006,0.03481717710274043,0.016172315480546713,0.022175977821639596
1951-01,pre_vix,1.9842066530814608,2.4781412116950596,2.4692277499569593,0.2439713481928107,0.23524546441431163,0.00880533357865565
1951-02,pre_vix,2.3543728470413967,2.256479425011202,2.244684507707812,0.009583122076781829,0.012031531785759596,-0.002309289634783964
1951-03,pre_vix,2.193106330513799,2.4433552788691513,2.435495012400463,0.06262453615295965,0.05875227310675422,0.003934046835164226
1951-04,pre_vix,2.274750995768099,2.36630811897402,2.3833997913301483,0.008382706809744182,0.011804560777083964,-0.0031297287034105416
1951-05,pre_vix,2.3540835552819708,2.409153447851531,2.406533829474901,0.003032693067622888,0.0027510312629135413,0.00028852420514852454
1951-06,pre_vix,2.3160618277741745,2.402605788393653,2.3976481464419988,0.0074898571197058355,0.006656327393767774,0.0008581079396588632
1951-07,pre_vix,1.9595606157843914,2.3526224766435337,2.3482022674727405,0.15449762646205173,0.15104233342704804,0.003474831284117269
1951-08,pre_vix,1.853268684147794,2.173556429610542,2.193625540886009,0.10258423989360989,0.1158427899287176,-0.012855780807720638
1951-09,pre_vix,2.4604104997969434,2.1084557513862245,2.0959854394155064,0.12387214492885239,0.13280562463401396,-0.008777971024514539
1951-10,pre_vix,2.203538170752439,2.408488454730084,2.391647471001604,0.04200461890251739,0.03538510884023049,0.006903128795229835
1951-11,pre_vix,1.7151209384566242,2.259661641762389,2.271467993197691,0.29652457755673695,0.30952204531905975,-0.012858077828108938
1951-12,pre_vix,1.767206766147725,1.9837112546713336,1.999626167374072,0.04687419355086932,0.054018778066413656,-0.006891300069208552
1952-01,pre_vix,2.21773991153548,1.9847614575673018,2.0111761407064455,0.05427896001340247,0.04266859141910986,0.012308104079633973
1952-02,pre_vix,1.838346986663529,2.211039164581893,2.213113707871236,0.13889945948153354,0.14045009532477537,-0.0015463321133824814
1952-03,pre_vix,2.1078281490099706,2.011571571714187,2.0237155096350605,0.009265328672699148,0.007074936102613676,0.0023378677983115
1952-04,pre_vix,1.8983804148663541,2.1377068433687856,2.1531621546956576,0.05727713937972944,0.0649137349504469,-0.007397728922506917
1952-05,pre_vix,1.5933828854749836,2.024377039007587,2.0393585648073604,0.18575596037928513,0.19889430655597498,-0.012913900061400557
1952-06,pre_vix,1.6042474279245906,1.852062910129407,1.8940693010320917,0.06141251322040568,0.08399671813154046,-0.020819668034465624
1952-07,pre_vix,1.6234866829062717,1.828656352369567,1.8609232931035444,0.042094593267677796,0.056376143861971616,-0.013240395129963806
1952-08,pre_vix,1.8733005213372806,1.8261947446220852,1.8540936591501396,0.0022189541999418495,0.0003689035550758295,0.0026284000767097036
1952-09,pre_vix,2.224961998609535,1.9473594360958097,1.9600427574155956,0.07706318271418676,0.07018220435477264,0.00704184499911506
1952-10,pre_vix,2.1157774572311068,2.106941389438197,2.1338483317769477,7.807609404089388e-05,0.0003265565068515201,0.0004755031332102159
1952-11,pre_vix,1.4476841725234895,2.0531153121454864,2.082862454334629,0.3665468648239899,0.40345144968455143,-0.03601969239214048
1952-12,pre_vix,1.7804491722092881,1.7191478005519372,1.7713050119729323,0.0037578581670726697,8.36156664281502e-05,0.006394617203858908
1953-01,pre_vix,1.84631869212063,1.8753144486756006,1.9281417639398324,0.0008407538981951177,0.006695015081930345,-0.0030635359457086902
1953-02,pre_vix,2.1295125314657697,1.8915141282071066,1.899687359954902,0.0566432399536732,0.05281960945999974,0.003890432210876628
1953-03,pre_vix,2.3619723649688154,2.04236502456137,2.042697675211153,0.10214885204232063,0.10193632751985142,0.00021263517892401718
1953-04,pre_vix,1.9379201165281579,2.1756681132361004,2.1918058230030706,0.05652410993863986,0.06445795195226553,-0.007673416337102709
1953-05,pre_vix,2.387237099600577,1.9720136348323445,2.024321714713931,0.1724105256941356,0.13170757658742224,0.043439084327611815
1953-06,pre_vix,1.9486949262378706,2.2192220926285215,2.213518202165157,0.07318494775535497,0.07013136747285978,0.0030861146489132574
1953-07,pre_vix,2.14965392474844,2.0162017845915385,2.007745117860847,0.017809473712457235,0.020138109472260066,-0.0022571205476088485
1953-08,pre_vix,2.429133512415544,2.1243214947644278,2.1470056603142553,0.09291036610454438,0.07959612493128661,0.013828812539949761
1953-09,pre_vix,2.0377235625588184,2.282495664690214,2.3164519931528607,0.05991338198182233,0.07768953802141784,-0.016623123796932357
1953-10,pre_vix,1.8568762691116107,2.0893480278411194,2.0612926290052496,0.05404311860679088,0.04178604819216567,0.01304417581846494
1953-11,pre_vix,1.843814563663264,1.9930399292904681,2.0016152553321866,0.022268209746572787,0.024901058291190423,-0.002559312327895861
1953-12,pre_vix,2.027665153877379,1.9878842796580796,2.014354950243326,0.0015825179536517312,0.00017716152077996647,0.002106052834104384
1954-01,pre_vix,1.8687927021055735,2.081351405859381,2.0803485308332235,0.04518120254149889,0.04475586866864278,0.000426339631174201
1954-02,pre_vix,1.8155454848492212,2.0050758236860466,2.0153000966463077,0.03592174933960187,0.03990190493420474,-0.0038756198370369505
1954-03,pre_vix,2.078349725484433,1.9694044321139699,1.9521796566151164,0.01186907694757632,0.015918886278488146,-0.003753116439925923
1954-04,pre_vix,1.711287619110625,2.0827675900906106,2.0826616792673627,0.13799736883929098,0.13791869255730022,7.868749909323292e-05
1954-05,pre_vix,2.2229445019884295,1.90104236347854,1.9022179436821747,0.10362098677724006,0.1028655252029755,0.0007568435630797427
1954-06,pre_vix,1.9722025015831535,2.1371877820600234,2.120133640146698,0.027220142774031425,0.02188362175670659,0.005627364773724681
1954-07,pre_vix,2.2688644187696396,2.019500195212454,2.042731736272105,0.06218251599027802,0.05113599009353084,0.011586230396753425
1954-08,pre_vix,1.9999070391879337,2.1674460284565735,2.141357064292285,0.028069312925157422,0.020008109602021623,0.008741837374301328
1954-09,pre_vix,1.9262129277907785,2.0187946785852393,2.0398827361999854,0.008571380580167652,0.012920825343785811,-0.0039047385896553086
1954-10,pre_vix,2.4302335368699164,1.9784071327530128,1.985973831210148,0.20414709945721143,0.197366686072904,0.006837668309848638
1954-11,pre_vix,2.196493740443495,2.244463798250738,2.259121335615545,0.0023011264460302194,0.003922215677034162,-0.0014062458294032288
1954-12,pre_vix,2.677143703943172,2.1488815817987224,2.133590584937493,0.2790608696925572,0.2954499931808016,-0.016155308903234245
1955-01,pre_vix,2.054946786832173,2.4164152650343826,2.383296224166469,0.13065946073382137,0.10781335299774884,0.023942978604083065
1955-02,pre_vix,2.769147012703061,2.128839895768868,2.1405390592747113,0.40999320399657824,0.3951479591133783,0.014982115309936372
1955-03,pre_vix,1.978715729025584,2.5066807177334143,2.506542372084484,0.27874702930125944,0.2786009651228277,0.00014608331795029628
1955-04,pre_vix,2.166578358662125,2.13762339809794,2.159858628167493,0.0008383897412734961,4.515477792048474e-05,0.001287640419598964
1955-05,pre_vix,1.939407001926463,2.229888784957279,2.229176204634847,0.08437966627276204,0.08396619083825255,0.00041398320522541276
1955-06,pre_vix,2.2895839180330575,2.1079493072031013,2.0973183702733253,0.03299113185134966,0.036966040855349845,-0.0038618921839953177
1955-07,pre_vix,2.1897663288659746,2.2780095384148664,2.2813201345298837,0.007786864031489641,0.00838209933154484,-0.0005842752534184316
1955-08,pre_vix,3.208114116966277,2.2313018741170687,2.221941202172622,0.9541621577801003,0.9725370178726133,-0.018287237913261478
1955-09,pre_vix,2.6890455574891776,2.790128091365467,2.740627194054785,0.010217678654851172,0.00266066523078641,0.010007352258627433
1955-10,pre_vix,2.39491475403907,2.575422912109693,2.53336599049477,0.032583195130049154,0.019168744876112215,0.015183234909660729
1955-11,pre_vix,1.8113698258046957,2.4398994275736534,2.3861550763927037,0.3950494602998445,0.33037808429351917,0.06755983129018656
1955-12,pre_vix,2.4049738548012987,2.157843174301213,2.1378027370104826,0.061073573244435325,0.0713804061815941,-0.00990521381035507
1956-01,pre_vix,2.3600088586321823,2.418686761546399,2.398881559815844,0.0034430962904102285,0.0015110868973142629,0.0023242554086839355
1956-02,pre_vix,2.1639013672317176,2.4037429993748693,2.375437951217377,0.057524008509090944,0.044747726364322,0.013577457895966899
1956-03,pre_vix,2.223443489510404,2.29160964604407,2.2659581229707584,0.004646624896572283,0.0018074940582682992,0.0034971314742846234
1956-04,pre_vix,2.5927261995809014,2.3218503758812923,2.310496697192713,0.07337371186494175,0.07965349201828446,-0.006150874133579218
1956-05,pre_vix,2.3360572803687827,2.504738293707377,2.4770706349041327,0.028453284260935106,0.01988476615731232,0.00933401744727554
1956-06,pre_vix,1.881947078959691,2.3944676812874626,2.347681165560271,0.2626773678104217,0.21690823942167647,0.04795810644263601
1956-07,pre_vix,2.323733132842331,2.1788702716683446,2.197167337354202,0.020985248547513716,0.016018900587542885,0.005301130572683419
1956-08,pre_vix,2.2546923676828725,2.381654274113509,2.33143591310846,0.01611932568450168,0.005889571764489192,0.012751637702045921
1956-09,pre_vix,2.468983490394211,2.2796794263601696,2.2543146734054607,0.0358360286598045,0.04608270098734966,-0.009603301635091738
1956-10,pre_vix,2.56758918124541,2.3659708597116293,2.3387331199443304,0.04064994757809901,0.052375096794243556,-0.010983254748513444
1956-11,pre_vix,2.1890493335711665,2.421086835204231,2.3613313900348945,0.0538414021641144,0.02968110697937115,0.027731008412128832
1956-12,pre_vix,2.160214256796291,2.2554443741680927,2.251196170918036,0.009068775254647096,0.008277708697256532,0.0008091137882443571
1957-01,pre_vix,2.4339565820797975,2.232893147552732,2.233950889882149,0.040426504703819525,0.04000227691146052,0.00042534661119444234
1957-02,pre_vix,1.8159799176448002,2.359995650633916,2.3145319200479753,0.29595311773968513,0.2485540991002155,0.04946596943826065
1957-03,pre_vix,1.7619198514772545,2.071581321850931,2.051969381150008,0.09589022623398728,0.08412872966338561,0.012146124788658189
1957-04,pre_vix,1.936259162343579,2.0361879211413356,1.9972689373748256,0.009985756834860226,0.003722192649363322,0.007778251482914777
1957-05,pre_vix,2.1117579191691727,2.0855868782412514,2.0799910447106313,0.0006849233832509276,0.0010091343128647247,-0.0002928975767113849
1957-06,pre_vix,2.0237722536899443,2.158790963932931,2.1491365397788904,0.01823005211567961,0.01571620422659113,0.0026070557948346014
1957-07,pre_vix,2.7128190233270706,2.122398143803757,2.1216008372546358,0.3485968149770833,0.34953894354278015,-0.0009414928679635781
1957-08,pre_vix,2.599684126925568,2.464006365954091,2.443320291276289,0.018408454822233303,0.024449649098954848,-0.005613280591145936
1957-09,pre_vix,3.1403795181541083,2.4314797054776833,2.3924428211824145,0.5025389444126704,0.5594093026769273,-0.05534647992877473
1957-10,pre_vix,3.0436118345924217,2.740496465990473,2.7430745264357745,0.09187892668269514,0.09032267359404349,0.0015628994843112781
1957-11,pre_vix,2.4801970388297545,2.73497846602522,2.6447828286735526,0.06491357564375834,0.027088482218506883,0.045960346422524966
1957-12,pre_vix,2.241941759890003,2.482389093470737,2.4339151624245017,0.057814920226084664,0.03685378728067262,0.023310854936487206
1958-01,pre_vix,2.1970011941102507,2.368082835901076,2.3561400964991677,0.0292689281578443,0.025325190253549228,0.004086366928716969
1958-02,pre_vix,2.0253843897526123,2.338563780960622,2.3133494818206186,0.09808133107741969,0.08292389424973538,0.015793197708805884
1958-03,pre_vix,2.2086124226619233,2.2596662646789154,2.208240720361739,0.0026064947846959926,1.381625999621724e-07,0.005250943230413891
1958-04,pre_vix,1.9247715818775442,2.3496677919936992,2.2809910163851246,0.18053678937107182,0.12689228552090037,0.05836100335816195
1958-05,pre_vix,1.9473000521680615,2.2149438723074173,2.170255795201761,0.07163321445878786,0.049709263351709033,0.02392097534247991
1958-06,pre_vix,2.1165043344973196,2.2196857561884666,2.2168246688031354,0.010646405782206316,0.01006416947523066,0.0005904221280021577
1958-07,pre_vix,2.0918366260834453,2.2975191928841543,2.270227610156579,0.0423053182857281,0.03182334319858096,0.011226805574923237
1958-08,pre_vix,2.004850644076498,2.268454257237954,2.2665178266964023,0.06948686487177436,0.06846971446023828,0.0010209001747783358
1958-09,pre_vix,2.176133770318072,2.2112532808411847,2.1903396114345988,0.0012333800193830148,0.0002018059218279998,0.001468955665602982
1958-10,pre_vix,2.676040902571079,2.2295746926903393,2.2396051194353523,0.1993320765652729,0.19047619280129519,0.008956493224664797
1958-11,pre_vix,2.1877048957857874,2.4318268211990905,2.4235811450043516,0.059595514467498334,0.05563760494541821,0.00402590069798861
1958-12,pre_vix,2.1039437551437423,2.190424540491824,2.1704334069479323,0.0074789262344209595,0.004420873797042423,0.003457697857748244
1959-01,pre_vix,2.312435939699024,2.145239189280068,2.158393639347899,0.027954753350658657,0.023729030297466303,0.0043987626097794046
1959-02,pre_vix,2.0208514954482517,2.244115729895514,2.2162734613621464,0.04984691838332215,0.03818974476165143,0.012432365538754875
1959-03,pre_vix,1.9509945991818316,2.106876874792218,2.1151905639683504,0.024299283849472456,0.02696031485217571,-0.0025919135749859143
1959-04,pre_vix,1.9565671938070548,2.065364188882204,2.100693290100285,0.011836786137382009,0.020772331632725415,-0.007687400102465996
1959-05,pre_vix,2.3162309064456754,2.0649726021711934,2.0931802167233093,0.0631307354668882,0.04975161018562323,0.014174794799985721
1959-06,pre_vix,1.9685582123013932,2.246841678068763,2.25914571503465,0.07744168731949878,0.08444109674475049,-0.006848020099593788
1959-07,pre_vix,2.4052671070750784,2.0814260123715753,2.0869027244638683,0.10487305461876326,0.101355880115417,0.0035471688786881256
1959-08,pre_vix,2.653969465246,2.298796664486968,2.3508619390914207,0.12614771839901506,0.09187417241154895,0.03698433880710318
1959-09,pre_vix,2.106271028716401,2.4456244087471806,2.419582380901023,0.11516071653831482,0.09816400340775626,0.017674900344898617
1959-10,pre_vix,2.0376194985923615,2.1903789491852583,2.180589831890132,0.023335449745443698,0.02044051620327553,0.0029907603595859117
1959-11,pre_vix,1.7502539071194012,2.1279705382101906,2.1062145481588295,0.14266985340257546,0.1267079779692007,0.016435198536489698
1959-12,pre_vix,2.32898415377753,1.9767423481865003,1.9864546775070282,0.12407428960602876,0.11732644211414425,0.0068421768327148885
1960-01,pre_vix,2.4520076594927844,2.2555979848479866,2.2592384171918014,0.03857676029407535,0.037159980777295105,0.0014300322644301353
1960-02,pre_vix,2.30972765903667,2.3227351034197157,2.2774505864400307,0.00016919360937802096,0.001041809415408735,0.0011780716720526598
1960-03,pre_vix,2.1478334771873677,2.2670286515439115,2.2632943372146386,0.01420748958988688,0.013331210198237032,0.00089022449515966
1960-04,pre_vix,1.9805665592042492,2.1949986232522325,2.209926232543206,0.04598111009187842,0.05260585975415292,-0.006401916143130543
1960-05,pre_vix,1.9740904956293053,2.1149778035455356,2.1616054466590424,0.01984923353188268,0.03516185685968472,-0.013138486225481475
1960-06,pre_vix,2.411603399531878,2.100366663488666,2.077219267851923,0.09686830586283215,0.11181274751935776,-0.01440863973176168
1960-07,pre_vix,2.106411504099291,2.3201511468152005,2.291377740170987,0.04568463486832474,0.03421250848653043,0.012300035311707584
1960-08,pre_vix,2.672807494429693,2.167944844501207,2.1722942620526218,0.25488629529281287,0.250513495784544,0.0043917169413054125
1960-09,pre_vix,2.42173751098861,2.435779014226764,2.3815675211183085,0.00019716381318708948,0.0016136280861801173,0.0015224217120550808
1960-10,pre_vix,2.2115636551794666,2.3312511059313232,2.3584309412881077,0.014325085867478101,0.021569999728917436,-0.006506170411417423
1960-11,pre_vix,1.9712489463949623,2.237621494215413,2.1760074954665436,0.07095433423235825,0.04192606341789917,0.03282455565628475
1960-12,pre_vix,2.2066318197978623,2.1260377437503744,2.1166780002059733,0.006495405093948266,0.008091689659170108,-0.0015086797660048843
1961-01,pre_vix,2.1231400794921678,2.230446231084122,2.237246377940751,0.011514610169475508,0.013020247345637146,-0.001459395178889919
1961-02,pre_vix,1.8723993457003754,2.179641828943645,2.208503982065011,0.09439794350949082,0.11296632658580394,-0.017735359193511935
1961-03,pre_vix,2.431150234675016,2.050441535142281,2.0626146262487386,0.14493911389990638,0.13581849467812648,0.009268803368866013
1961-04,pre_vix,1.9357754748360894,2.3216069496050133,2.3034716890730538,0.14886592692236283,0.13520050596419564,0.013994308632729241
1961-05,pre_vix,2.0450587293887295,2.0912946381918247,2.080034679944339,0.0021377592628481407,0.001223317117268443,0.0010412288053148193
1961-06,pre_vix,2.160916530284016,2.1427127386448666,2.161693951402513,0.00033137803004157053,6.043835954847663e-07,0.0006910600841971206
1961-07,pre_vix,1.8619616982455347,2.1847868755742357,2.185151335003374,0.10421609511730723,0.10445154130766425,-0.00023531335968153544
1961-08,pre_vix,2.2985807005570638,2.041787296874494,2.0492739919261753,0.06594285217487918,0.062153834968366704,0.0038450678093093424
1961-09,pre_vix,1.6827295171959695,2.218744014147673,2.24029158255452,0.2873115409423876,0.31087545672689276,-0.0230996180802574
1961-10,pre_vix,1.9154160193787524,1.912586890456474,1.9278047851059898,8.003970458872021e-06,0.00015348151624437352,8.610677177826131e-05
1961-11,pre_vix,1.7966281876809207,2.0071756354544785,2.0463313661223386,0.04433022776395906,0.06235167732374657,-0.016488278315653512
1961-12,pre_vix,2.233280598444306,1.944930916566369,1.9890291426538578,0.08314553903910732,0.0596587736557532,0.02543141892741739
1962-01,pre_vix,1.7544657495748304,2.147160359629749,2.1509822691439298,0.15420905676618463,0.15722535029119197,-0.0030016865326727704
1962-02,pre_vix,1.709464172914393,1.9206386345047772,1.9705431074705944,0.04459465322798871,0.06816221006900132,-0.021077100419016642
1962-03,pre_vix,2.4407853552050858,1.8950771020532557,1.9413044494799638,0.2977974975580218,0.24948117518398816,0.05045329002414323
1962-04,pre_vix,3.5490106654513025,2.227229514944672,2.244627738753396,1.7471054098346315,1.7014148194609957,0.045993288565334245
1962-05,pre_vix,3.3019076805324166,2.9464463227141846,3.0004613295511744,0.12635277690198113,0.09086990251990625,0.03840049534567494
1962-06,pre_vix,2.699025239013181,2.9123545841597225,2.9609598288067973,0.04550940950065221,0.06860972933035003,-0.020737850022495834
1962-07,pre_vix,2.1984636205493517,2.644707768322155,2.618712485450134,0.1991338394214756,0.17660910845039576,0.023200485702676243
1962-08,pre_vix,2.4964898580144417,2.40607630166246,2.390169363060863,0.008174611172212966,0.011304047647173967,-0.0028764057792860214
1962-09,pre_vix,2.9213211166241555,2.5494275163139437,2.501337609625868,0.13830484995169157,0.17638614615058065,-0.03576865707362126
1962-10,pre_vix,2.555021262031107,2.7733415666545747,2.665110274581158,0.047663755410883704,0.01211959068424531,0.047258177310519595
1962-11,pre_vix,2.0926371262928125,2.606271212833323,2.5547901954198537,0.2638199748563046,0.21358545930354375,0.05288481070668677
1962-12,pre_vix,2.169440459838969,2.3883822736036344,2.4088857037176417,0.047935517814561464,0.05733402481611705,-0.008978116355115612
1963-01,pre_vix,1.9176034905724932,2.4254758337675453,2.385404046845508,0.25793431698243274,0.21883736044934227,0.04070270464021561
1963-02,pre_vix,1.8145488010336368,2.3069557815477424,2.261428447607441,0.24246463445901875,0.19970141852192805,0.04483595407280244
1963-03,pre_vix,1.7421254683987204,2.251440507754311,2.219662394714331,0.259401809313787,0.22804151599496092,0.03237014178720782
1963-04,pre_vix,1.6685213934077265,2.1996431971614183,2.2130296731559924,0.28209037042257507,0.2964892667144158,-0.014219698552287385
1963-05,pre_vix,1.681887924506261,2.061416057612284,2.0572785122098707,0.14404160381894324,0.14091809333646146,0.003140629764438796
1963-06,pre_vix,1.9929107375727377,1.9737121411356304,1.989743483304349,0.00036858610515490937,1.0031499600626492e-05,0.000615558537284818
1963-07,pre_vix,1.7745131515169679,2.0988840676584126,2.116058487917762,0.10521649123844018,0.1166532168171316,-0.011141764867446668
1963-08,pre_vix,1.8228429498335903,1.9854627001346512,2.0150865906875164,0.0264451831879794,0.03695761744877332,-0.00963485936930579
1963-09,pre_vix,1.9164701358074165,1.9889498895396316,2.0373118362774685,0.005253314701082541,0.01460271657249375,-0.007010523979137836
1963-10,pre_vix,3.0270097699265635,1.9665334530539371,1.965507560183873,1.124610018647731,1.126786941288615,-0.0021758701847029993
1963-11,pre_vix,1.6589078863615523,2.5989006945658915,2.5999269242701595,0.8835864794758795,0.8855168297064407,-0.001929297083155257
1963-12,pre_vix,1.460622394417522,1.9230549868461513,1.910101195530362,0.2138439025402627,0.20203119264983588,0.01198051059987984
1964-01,pre_vix,1.122586140736337,1.8193692400730943,1.867034102203675,0.4855066875213376,0.5542027673328752,-0.06642414072961039
1964-02,pre_vix,1.2439510793838995,1.6064454153298589,1.6425987710017398,0.13140214359290206,0.1589199820322327,-0.026210773312993124
1964-03,pre_vix,1.6636119729562755,1.6585483252947482,1.7257580266102956,2.5640527640091272e-05,0.0038621319847683515,0.0006806524937968453
1964-04,pre_vix,1.5996850087583114,1.8654393558860338,1.9008418022329008,0.07062537301728197,0.09069541425589646,-0.018816708031271695
1964-05,pre_vix,1.8802312114731734,1.8307850094717568,1.8754412918904821,0.0024449268923648934,2.2943329608649213e-05,0.0044161671222172
1964-06,pre_vix,1.508510213962146,1.9738412789025601,2.006930474634619,0.2165329999985799,0.24842275624881574,-0.03079486137604137
1964-07,pre_vix,1.892440152220682,1.7754804479253812,1.8055839683101995,0.0136795724288442,0.007543996683491549,0.007041797684911825
1964-08,pre_vix,1.4262657124564921,1.9708277858311276,1.9614700542105892,0.29654785175808185,0.2864436874324363,0.010191731466727583
1964-09,pre_vix,1.5035518681674378,1.7281692747089163,1.7782761058998588,0.05045297932141985,0.07547340679765979,-0.022509732944242335
1964-10,pre_vix,1.6307498238759526,1.756807384698444,1.7789809002490589,0.015890508640516124,0.021972452002729667,-0.005590278570340185
1964-11,pre_vix,1.8212047186145424,1.6565366851727399,1.729173791497574,0.02711556123759058,0.008469691546008743,0.023922018906827092
1964-12,pre_vix,1.4749190310314158,1.7608948883093882,1.7968213540699582,0.08178219094587129,0.10362110557761016,-0.020548203689693456
1965-01,pre_vix,1.905425798964278,1.5865486137517428,1.643530220684797,0.10168265924906945,0.06858929392234374,0.0363402688553988
1965-02,pre_vix,1.2933096077058874,1.8245294159619048,1.8361878850238773,0.28219448468355984,0.2947168239837483,-0.012386419399319504
1965-03,pre_vix,1.4263349453560767,1.5163869083979844,1.5737187981545635,0.008109356047701103,0.021722000065726013,-0.01032569843496437
1965-04,pre_vix,1.8001167345765283,1.5728505511821893,1.6531663887418644,0.05164991811462934,0.02159440414092733,0.03650614773661412
1965-05,pre_vix,2.6891973794673683,1.7664935181951633,1.8275324358572356,0.8513824156066364,0.7424664750466531,0.11264169002934055
1965-06,pre_vix,2.043649903047698,2.3038928941625096,2.3869285203915958,0.06772641442438404,0.11784020912553833,-0.04321887947789779
1965-07,pre_vix,1.2789285670646369,1.9982111090357701,1.9888495605557752,0.5173673751844551,0.503987816999445,0.01346719677495345
1965-08,pre_vix,1.74197819841496,1.597201803975285,1.6326718847870711,0.02096020438695234,0.01194787019891841,0.010270460820828563
1965-09,pre_vix,1.5579296133774139,1.830599805937481,1.833953575378117,0.07434903391074413,0.07618922759856565,-0.0018289459183605805
1965-10,pre_vix,1.3543709808903053,1.7394032927982352,1.7656734705335735,0.14824988121316546,0.16916973798675075,-0.020229734535339022
1965-11,pre_vix,1.779445434618658,1.6301576800028714,1.6801344960258557,0.022286833678223275,0.009862662524183321,0.014921853293835175
1965-12,pre_vix,1.3893847906574313,1.8413377926918113,1.8357306179028865,0.20426151604788834,0.19922459749942978,0.0050683589575721
1966-01,pre_vix,1.8436477844253552,1.6437620323255353,1.690714903987597,0.03995431389251063,0.023388465918989614,0.01877042013083506
1966-02,pre_vix,2.345914489544098,1.8682880047793362,1.8834796520374368,0.2281270589487434,0.2138459789398123,0.014511866155345665
1966-03,pre_vix,1.869339554288271,2.1569653384435807,2.153699492717696,0.08272859171095687,0.08086057458358642,0.0018786828756757329
1966-04,pre_vix,2.752209462253628,1.9276895289973326,1.9294421408095481,0.6798331203369657,0.6769460652362658,0.0028901267488642413
1966-05,pre_vix,2.046981790283448,2.426334755579293,2.4382865243884124,0.14390867227875054,0.15311939493295676,-0.009067877876539593
1966-06,pre_vix,2.3976361974254505,2.0390298894411147,2.0358381207922513,0.1285984841261563,0.13089784825548226,-0.0022891767422180964
1966-07,pre_vix,2.92155310569623,2.227539588421174,2.263429541223752,0.481654762160494,0.43312662611395975,0.04981622475870556
1966-08,pre_vix,2.5955542385162946,2.5595242358077517,2.5823605474961617,0.0012981610951776125,0.0001740734827347356,0.0016455847439730904
1966-09,pre_vix,2.8350383829355073,2.4320684910909924,2.412704350882146,0.16238473373317996,0.17836603463044942,-0.015606330971241589
1966-10,pre_vix,2.2760236093848034,2.589327993159516,2.5472201942416097,0.09815963689245231,0.07354758763799495,0.026385115984168192
1966-11,pre_vix,2.0800006040126213,2.3218198754933734,2.259465751581256,0.05847656005948169,0.032207739191831807,0.030156857636497583
1966-12,pre_vix,2.258457927516474,2.224482579988771,2.243429120062648,0.0011543242396281892,0.00022586505348416456,0.0012874305669150633
1967-01,pre_vix,1.9985370205755832,2.3113771856264376,2.266290657980983,0.09786896886904578,0.07169201034382237,0.028209753500347726
1967-02,pre_vix,1.9700082969764512,2.1830612528787947,2.1645601771749354,0.045391562018725934,0.037850434088765365,0.007883417732160503
1967-03,pre_vix,2.310980907092251,2.1606721078823146,2.1497908220268394,0.02259273511993296,0.02598224352339461,-0.0032711060215930877
1967-04,pre_vix,2.2727399103999053,2.334194771146883,2.281648206821626,0.003776699909430407,7.935774513724473e-05,0.006458483586681505
1967-05,pre_vix,2.4167572223471607,2.301499508477694,2.2388184467188337,0.013284340606415883,0.03166220787210812,-0.014448951762474184
1967-06,pre_vix,1.7054778074289145,2.383440001883157,2.3300586439515265,0.45963273710921204,0.3901012213512858,0.07238108513255109
1967-07,pre_vix,1.7225879944171827,2.020826844674385,1.9731791180243183,0.08894641180273802,0.06279591123068673,0.02842080642697077
1967-08,pre_vix,1.8708059187579962,1.9814833235584521,1.959987682493153,0.012249487933363992,0.007953386982913337,0.004758163535258828
1967-09,pre_vix,1.922572584202676,2.02086249927997,2.037050962528391,0.009660907405901668,0.013105299104085547,-0.0031823253558384
1967-10,pre_vix,2.440895251091122,2.0009725213132965,2.0119191548642297,0.1935320081751736,0.18402049113406393,0.009631345827208093
1967-11,pre_vix,1.8015602825804338,2.273186293423287,2.24763334130624,0.22243109410354306,0.19898117372099672,0.02410287374444242
1967-12,pre_vix,2.0474590170596456,1.9532993786056188,1.9252880897438462,0.008866037513793053,0.014925735481202332,-0.005275065663711618
1968-01,pre_vix,2.408399298544556,2.066963785997559,2.0558809803545506,0.11657820922823055,0.12426916465950985,-0.007568126850358611
1968-02,pre_vix,2.633078872553217,2.2581015493189107,2.2508468837924362,0.14060799293996545,0.14610129323202165,-0.005440670120155172
1968-03,pre_vix,2.646419644621993,2.4054389808015464,2.4042744586181852,0.058071680335343094,0.05863429110481865,-0.0005612546575600175
1968-04,pre_vix,1.8816421002038375,2.435851227148299,2.440183010800086,0.3071477563885421,0.31196794880968637,-0.004801428071538383
1968-05,pre_vix,2.2163369484490865,2.0494984910423537,2.017427912389512,0.02783507086985818,0.039564804626149086,-0.010701211741162803
1968-06,pre_vix,2.433245776943389,2.200258192937919,2.2224427037721597,0.05428321430070606,0.04443793565843469,0.010337431163225927
1968-07,pre_vix,1.8898694173494697,2.3202233729794193,2.274412884767126,0.18520452712634464,0.1478736783335942,0.0394294496229991
1968-08,pre_vix,1.8434729105720982,2.0581412814637723,2.0565510446629873,0.04608250946128536,0.04540229122765494,0.0006827470867129884
1968-09,pre_vix,1.7272110714497266,2.0316733767799207,2.0689552104493605,0.0926972953669763,0.11678905654060107,-0.02270182605186899
1968-10,pre_vix,1.9285726690940892,1.9610615542379901,1.938326153099572,0.0010555276578935854,9.513045024520694e-05,0.0014772956725731664
1968-11,pre_vix,1.9017598894228678,2.0440638629942307,2.049174222264519,0.02025042089419916,0.02173098552714915,-0.0014544488610785666
1968-12,pre_vix,2.1918268596721555,2.0329101181445806,2.026871862111982,0.025254530737742066,0.027210151220076813,-0.0019191599464195366
1969-01,pre_vix,2.2959077032853648,2.1828061797789027,2.173886070575975,0.012791954619482794,0.014889278849065258,-0.0020177558813903058
1969-02,pre_vix,2.1576440476349297,2.2343462961325242,2.1934041232043753,0.005883234924586745,0.0012787830047324604,0.006280713443932737
1969-03,pre_vix,2.1236186541626214,2.146923768713347,2.1667365338324465,0.0005431283642224365,0.0018591515472215128,-0.0009234775213344675
1969-04,pre_vix,1.9412806192392627,2.101562314656613,2.07105303834936,0.02569022188586031,0.016840880761686803,0.009780157064965815
1969-05,pre_vix,2.3464421579944847,2.0099531416014673,1.9993360005375491,0.11322485815314035,0.12048268454451899,-0.0071451027070075085
1969-06,pre_vix,2.869725365727796,2.215472341057996,2.190688467142195,0.4280470202895816,0.4610911096407518,-0.03242984894489587
1969-07,pre_vix,2.4261432405465966,2.5201854247585374,2.496861973594295,0.008843932411352602,0.005001139203871627,0.004386776581691775
1969-08,pre_vix,2.3392902431269706,2.323810621081699,2.323182351151759,0.00023961869866446337,0.00025946418388509226,-1.945076211576203e-05
1969-09,pre_vix,2.2801037828394666,2.291659697757992,2.2498188645995243,0.00013353916960419715,0.0009171762727999888,0.0009670182161989343
1969-10,pre_vix,2.1518026217675175,2.2647369336819407,2.25425581629766,0.012754158807584246,0.01049665706943119,0.0023673555597761315
1969-11,pre_vix,2.5155279561074733,2.2029409181197184,2.2332563756198094,0.09771065631795813,0.0796772451510037,0.018952438130394253
1969-12,pre_vix,2.4591152447993228,2.398647434340987,2.4013061879904165,0.0036563561016252004,0.0033418870491353494,0.0003215380234582047
1970-01,pre_vix,2.478289369717879,2.3809690535895314,2.3251727003642717,0.009471243931321552,0.023444714433941954,-0.010860237469382458
1970-02,pre_vix,2.409306215719918,2.3987526006118536,2.385125858886631,0.00011137879184916296,0.0005846896565850791,-0.00028762277468999647
1970-03,pre_vix,2.713728382416774,2.370114538954344,2.314048052323401,0.1180704734190234,0.15974436626354768,-0.03853044192138656
1970-04,pre_vix,3.4932917324035606,2.5408315635456344,2.497931646749221,0.9071803732608692,0.9907417001138139,-0.08172092399180553
1970-05,pre_vix,2.8942681526523053,3.029053762825197,2.985324999154439,0.018167160709678727,0.008291349294913148,0.011788016186938581
1970-06,pre_vix,2.7406658189526514,2.7537787147791777,2.700301487133806,0.000171948036957331,0.0016292792831818696,0.001402482630410388
1970-07,pre_vix,2.7206735038269345,2.6726443286593042,2.638511880103281,0.0023068016672829128,0.006750532412907192,-0.0032787067011947196
1970-08,pre_vix,2.489832307813187,2.658235372028433,2.608362114980013,0.028359592037084148,0.014049315187004939,0.016797618618696955
1970-09,pre_vix,2.3832661278362144,2.5425791546944603,2.5109513364554417,0.025380640526736175,0.016303512500135592,0.010077446913160981
1970-10,pre_vix,2.4088552606830214,2.4874695150032555,2.449727244528865,0.0061802009823264566,0.0016705190634948971,0.005934160899393616
1970-11,pre_vix,2.1039076414480746,2.49900481468236,2.43444141376989,0.15610177629772293,0.10925257464528967,0.05101763438981759
1970-12,pre_vix,2.1506586336660805,2.339201648096105,2.2923881476232757,0.035548468290360395,0.020087255126542802,0.01765271699033717
1971-01,pre_vix,2.1393386266119916,2.3541423561598025,2.3239593187784866,0.04614064222764909,0.034084799976035716,0.012966857997175285
1971-02,pre_vix,2.0059382622537973,2.339300950337619,2.3282488492731734,0.11113068180647136,0.1038841145047748,0.007368716239635267
1971-03,pre_vix,1.7747052344113303,2.266023609213348,2.2200888522135456,0.2413937454180958,0.19836656700658975,0.045137180312136926
1971-04,pre_vix,2.1057050035692453,2.131254331481372,2.0994477457011365,0.0006527681567613718,3.915327602800977e-05,0.0016252737797288366
1971-05,pre_vix,2.356954403798732,2.2046106949275894,2.172367848183681,0.023208605632615377,0.03407219651382823,-0.009823989715061689
1971-06,pre_vix,2.123129228297315,2.311359602834319,2.2616972507442923,0.03543067389834079,0.019201096844866036,0.018695926268588525
1971-07,pre_vix,2.8437056891858163,2.1759820201603635,2.198897427606003,0.44585489817681256,0.4157776942015808,0.030602319873631434
1971-08,pre_vix,2.062795629777635,2.557642294112727,2.5336771656149253,0.2448732212035674,0.22172942079248542,0.02371812779499813
1971-09,pre_vix,2.2062609457544022,2.157276267015489,2.1489657841351204,0.0023994987511545577,0.003282735544979626,-0.0008141726681201718
1971-10,pre_vix,2.7171639667393688,2.222856262367253,2.2264869574468324,0.24434010660163102,0.24076392744826777,0.0035893611001241443
1971-11,pre_vix,2.445182698016008,2.484959093436058,2.447158346773429,0.0015821616326121626,3.903188012698967e-06,0.0030071548928517133
1971-12,pre_vix,2.090114318689525,2.366857277829679,2.3351470572581743,0.07658666543364895,0.060041042970452124,0.017551160551890294
1972-01,pre_vix,1.7591220731687847,2.1917777879671503,2.1723398782540198,0.1871909675476847,0.17074895443945934,0.01681984544224116
1972-02,pre_vix,2.0997747147018475,2.0080901561669977,2.0210841774614883,0.0084060582737303,0.006192200651176364,0.0023827022119556106
1972-03,pre_vix,1.9576651650975643,2.1662764332350024,2.1248570690376214,0.04351866119391011,0.027953132743101287,0.01728109218132411
1972-04,pre_vix,2.2671152102661978,2.0966066313462037,2.0869292660233354,0.02907317548531584,0.03246697450269191,-0.003300147617783817
1972-05,pre_vix,1.8446883016210496,2.2588664859284453,2.2382391415335974,0.17154356835617107,0.15488226359587182,0.017086792097082915
1972-06,pre_vix,2.1454928020351316,2.0398718141465064,2.0270298408323093,0.011155793082569105,0.01403347317694138,-0.0027127638157697226
1972-07,pre_vix,2.06473833040605,2.1889729595176584,2.1736759035029882,0.015434243070498932,0.0118673948322508,0.0038008481609640883
1972-08,pre_vix,2.0462574446955832,2.109500638203949,2.0809419555188042,0.003999701525136591,0.0012030152910461342,0.0036122845908012416
1972-09,pre_vix,2.2707845581073705,2.1026886871955908,2.143039161444567,0.028256221817589702,0.016318886368537004,0.01356549622116999
1972-10,pre_vix,2.0260028964902155,2.216300733575298,2.1896783226728873,0.03621326679926069,0.026789645136079256,0.010132374425438243
1972-11,pre_vix,2.092481685981649,2.0650593606291876,2.0569921429467497,0.0007519839277362513,0.0012595076648259746,-0.0004424437359538846
1972-12,pre_vix,2.113869222696316,2.0830259049770423,2.0784263416376123,0.0009513102479320513,0.001256197817741405,-0.00028373158689592526
1973-01,pre_vix,2.546623503370599,2.0908049485518028,2.0845767931020616,0.2077705549170958,0.21348716246997762,-0.00567781763257566
1973-02,pre_vix,2.5628278647025478,2.339549409818028,2.3648589345866755,0.049853268415618594,0.039191697291223106,0.01130214316841028
1973-03,pre_vix,2.6225839120408683,2.375715669771603,2.4025876280972023,0.06094392904111661,0.04839836494902211,0.013267666236347238
1973-04,pre_vix,2.932359403526505,2.4354480954431486,2.434490736408322,0.24692084810111242,0.247873209698036,-0.0009514450606020186
1973-05,pre_vix,2.7354887003898467,2.6313105829851944,2.6211764340644224,0.010853080145977525,0.013067294232454747,-0.002111513112128838
1973-06,pre_vix,2.6858694086928163,2.5626552430160094,2.5691034920928817,0.015181730623431613,0.013634279279422888,0.0015890312601661086
1973-07,pre_vix,2.3654558647056136,2.5539410403694767,2.5449111364944708,0.0355266614450373,0.03220419457281258,0.0034040060362165656
1973-08,pre_vix,2.383454632056197,2.3915705009108867,2.3466237733012436,6.586732726652105e-05,0.0013565121566273357,0.0007295634934546419
1973-09,pre_vix,2.4541394785119457,2.398167007082625,2.448156605092771,0.0031329175579061113,3.57947743498671e-05,0.005596082692772227
1973-10,pre_vix,3.130887043594845,2.4309492681186016,2.3861292118127144,0.4899128895386322,0.5546642280008204,-0.06274250101492529
1973-11,pre_vix,3.219380833748347,2.8216343373018704,2.736054359355968,0.15820227543544696,0.23360448084856708,-0.06807827278789896
1973-12,pre_vix,2.916309911006815,2.916146516430827,2.858067378398767,2.669778746230433e-08,0.0033921926045995103,-1.8979632264995946e-05
1974-01,pre_vix,2.689217412232071,2.786593859838244,2.718704751450447,0.009482172548397784,0.000869503174179581,0.013221600411908258
1974-02,pre_vix,2.5966350675724534,2.670248507671166,2.602874529455272,0.005418938563166735,3.8930884587145505e-05,0.009919260619215345
1974-03,pre_vix,2.635957947344506,2.6121781828461836,2.563785614652236,0.0005654771995956648,0.005208845606243685,-0.0023015277502421456
1974-04,pre_vix,2.6986470610129634,2.626292377151733,2.5523553068349414,0.0052352002766586185,0.021401277340482812,-0.010699386696794034
1974-05,pre_vix,2.8060779410531747,2.650958405911583,2.597732988958384,0.024062070182543437,0.043407619063380705,-0.016512603870995346
1974-06,pre_vix,3.1586456147230155,2.7102527877007416,2.6809685102083427,0.20105612732502684,0.22817541617752166,-0.026261719944243006
1974-07,pre_vix,3.0984870186791933,2.913828969682386,2.8380406093688206,0.03409859505930728,0.06783233212266618,-0.02798986150434009
1974-08,pre_vix,3.3993040012936944,2.9077807589398654,2.8234102681200097,0.24159509777402086,0.33165359190872307,-0.08294011441351887
1974-09,pre_vix,3.4338930364541707,3.0992087310638485,3.0614643586893275,0.1120135842746024,0.13870312002166935,-0.025264898101120453
1974-10,pre_vix,3.006274720092596,3.1510024772857186,3.1282903687440906,0.020946123702151414,0.014887818515844952,0.0065741450607131515
1974-11,pre_vix,3.024787004279374,2.932575649711476,2.865112275270052,0.008502933911246598,0.025496019084200454,-0.012441778281930055
1974-12,pre_vix,3.0410990565744886,2.9291927018107313,2.864957631464002,0.01252303223651191,0.031025801639953193,-0.01437662514099201
1975-01,pre_vix,2.772537239326224,2.9325783101231018,2.86586481046141,0.02561314434181125,0.00871003553399324,0.021353799844928537
1975-02,pre_vix,2.8144742887721197,2.7953772522573392,2.7724219643416497,0.0003646968036468579,0.0017683979900055059,-0.0008767559430664443
1975-03,pre_vix,2.6933930904797982,2.815514980814879,2.7762746581505815,0.014913756099013476,0.006869354259566624,0.009584204762245028
1975-04,pre_vix,2.6334009656740407,2.748775716985895,2.714587771203804,0.013311333240272191,0.006591297392127571,0.007888851484943817
1975-05,pre_vix,2.5040159541130707,2.7150009983998276,2.662335607565004,0.04451468891268477,0.025065112669140334,0.022223219635329132
1975-06,pre_vix,2.473529318745685,2.6400629834834266,2.565072974661909,0.027733461490982506,0.008380240938508041,0.024976721975525723
1975-07,pre_vix,2.8095173577837707,2.606321636325227,2.5352189587424347,0.041288501219058034,0.07523961171663994,-0.028895519738139384
1975-08,pre_vix,2.7718585017773423,2.771775608036463,2.7099236263425777,6.871372276988021e-09,0.003835928795119809,-1.0254284286825931e-05
1975-09,pre_vix,2.668844703021776,2.7341463116128835,2.681783100562928,0.004264300084586213,0.00016740213093289106,0.006838803825115499
1975-10,pre_vix,2.305212074596732,2.6506821526283404,2.5884480925967157,0.11934957481516563,0.08022264189248712,0.043000011150698375
1975-11,pre_vix,2.5210453099179277,2.443785482153043,2.3808243175787887,0.005969080986259668,0.019661926692572905,-0.009728737461766904
1975-12,pre_vix,2.71448857000905,2.531359036944096,2.479523060963951,0.0335364258805881,0.05520879044082242,-0.01898539615442018
1976-01,pre_vix,2.512549930126117,2.616856618104024,2.6073050877990918,0.010879885156920423,0.00897853990563032,0.0019925769824561384
1976-02,pre_vix,2.3793998432733825,2.510955693685357,2.47103256183909,0.017306941777617865,0.008396555111742162,0.010504243122290135
1976-03,pre_vix,2.3676674588822406,2.430189255622943,2.445559793914592,0.003908975067685727,0.006067215856792091,-0.0019219873417313186
1976-04,pre_vix,2.327571824891149,2.409342119922334,2.3852627436246694,0.006686381149487028,0.003328242104317654,0.003937955408053903
1976-05,pre_vix,2.279976660441795,2.378581911560066,2.39533739079751,0.009722995548097309,0.013308098108203967,-0.0033043564756302483
1976-06,pre_vix,1.9447659837963072,2.3482937417226175,2.3310703393596937,0.16283465141703493,0.14923105512724333,0.013900241878746777
1976-07,pre_vix,2.1468733423953785,2.1651564673558,2.1652887887462953,0.0003342726583183838,0.00033912866430349276,-4.838497034726321e-06
1976-08,pre_vix,2.2274689097673637,2.243683392724794,2.227219336427459,0.00026290945757679506,6.22868519911407e-08,0.0005339123204866146
1976-09,pre_vix,2.424429808864596,2.265596991727194,2.2389712661108954,0.025227863799803397,0.03439487108032626,-0.008458078015928436
1976-10,pre_vix,2.4051845250829444,2.364496629059505,2.3274462401052896,0.0016555048828142307,0.006043240951267084,-0.003015004746794214
1976-11,pre_vix,2.0675146191118454,2.3619389918383398,2.3473531469996565,0.08668571125538967,0.0783096016904172,0.008588856434630615
1976-12,pre_vix,2.08009424047868,2.178711061073745,2.1721306483357963,0.009725277304279245,0.00847070037124146,0.001297878764839543
1977-01,pre_vix,1.7973673763851987,2.1574058528487647,2.1391512694261197,0.12962770453420577,0.11681622954220769,0.013144704807932395
1977-02,pre_vix,2.0531451590115304,1.9863912476915195,1.9948996648249797,0.004456084676519873,0.003392537593035508,0.0011359402456013238
1977-03,pre_vix,2.341279734374509,2.105608722351331,2.1370340284684377,0.0555408259080289,0.041716308381069316,0.014812067391513452
1977-04,pre_vix,2.041368729840174,2.25672487282659,2.2288764120947846,0.04637826832198562,0.03515913090449604,0.011994674182620478
1977-05,pre_vix,2.001371747573285,2.1006783811659835,2.0988456086292686,0.009861807475514503,0.009501153589161229,0.0003640129415246104
1977-06,pre_vix,2.0818297435537234,2.0721799876046356,2.0734193615719057,9.311778987695521e-05,7.073452508008484e-05,2.3919312627617017e-05
1977-07,pre_vix,1.911692251508046,2.1096224340366754,2.1358685287183716,0.039176357155816584,0.05025500326388081,-0.010389788622023666
1977-08,pre_vix,1.908372412555916,2.0167865052027487,2.0521478963938695,0.011753615484436016,0.020671389752837617,-0.007667346281430126
1977-09,pre_vix,2.190513067170149,2.005427330107053,2.0486372033903004,0.03425673006418961,0.020128760723278193,0.01599506249006573
1977-10,pre_vix,2.527410293192214,2.1405505181669917,2.14627724934541,0.14966048553256578,0.14526239711192993,0.004430883870625735
1977-11,pre_vix,2.1027372016352683,2.3307775950732283,2.3094822678846594,0.052002421039339594,0.04274352241846509,0.009712389580942712
1977-12,pre_vix,2.307068927985176,2.1201535352734093,2.145861995557768,0.03493736403259393,0.02598767506265493,0.009610613900131439
1978-01,pre_vix,2.1080849714487435,2.2313000067697475,2.235028020827809,0.015181944929156256,0.01611453778565587,-0.0009186947676825073
1978-02,pre_vix,2.0234020130166006,2.129178953995584,2.171478420459283,0.01118876124287131,0.021926622441131274,-0.00894861633514636
1978-03,pre_vix,2.584530810153146,2.084400669675388,2.11714865593561,0.2501301574143018,0.21844607808102443,0.032756509937377054
1978-04,pre_vix,2.271388426598454,2.385934808498131,2.397364803672681,0.013120873606306658,0.015870047580747837,-0.0026185291847509434
1978-05,pre_vix,2.2809105687592854,2.237391013159447,2.221310251857588,0.0018939517196074297,0.0035521977747827596,-0.0013996551711279647
1978-06,pre_vix,2.268472759678109,2.251287257065812,2.258818419395269,0.00029534150003727116,9.32062862968663e-05,0.0002588536197730395
1978-07,pre_vix,2.2991337301889354,2.242801634708771,2.239701534975515,0.0031733049811863688,0.0035321858278860923,-0.00034927022834359105
1978-08,pre_vix,2.3726257778009034,2.266598798294952,2.29967494708076,0.011241720383155442,0.00532182370275902,0.00701392829889733
1978-09,pre_vix,2.815685063527679,2.315017885639584,2.287565293134963,0.25066762301442924,0.27891049187965516,-0.027489224030001147
1978-10,pre_vix,2.984469879044619,2.5751245396437388,2.5698424138275406,0.16756360688922192,0.17191593491233964,-0.004324427169979578
1978-11,pre_vix,2.658247867136035,2.6989012790016234,2.7178584048038252,0.0016526998963131779,0.0035534162010430644,-0.0015413436860493785
1978-12,pre_vix,2.355385109207016,2.5517230413294376,2.531532924336808,0.03854858359010866,0.031028052774999357,0.00792817163928538
1979-01,pre_vix,2.2932755931746476,2.3935816441827105,2.38379702754677,0.010061303868832114,0.008194130080786493,0.001962912510757942
1979-02,pre_vix,2.2240179388734123,2.3505315896864074,2.3098245395974812,0.016005703842032468,0.007362772727819796,0.010299995041155016
1979-03,pre_vix,2.138719160395753,2.3094843258406526,2.332100949130717,0.029160741729423862,0.03739651621433426,-0.007724262835865709
1979-04,pre_vix,2.312561534687469,2.2531726827606975,2.252268989915187,0.003527035733179999,0.003635190955117625,-0.00010733856117859947
1979-05,pre_vix,2.0850505873106737,2.3422013138244666,2.360047593576558,0.06612649614657151,0.07562335345519874,-0.009178367607637322
1979-06,pre_vix,2.200362856053183,2.221855991715138,2.2171346373417276,0.00046195488058320124,0.00028129264759076795,0.0002029534201117566
1979-07,pre_vix,1.9820248328099273,2.279555379950933,2.2885697633605524,0.08852442648202634,0.0939697944462876,-0.005364108856005648
1979-08,pre_vix,2.496282824264983,2.1587072173149395,2.1846346748236614,0.11395729040769012,0.09712456905020024,0.01750495441035646
1979-09,pre_vix,2.912788696981767,2.43065830127922,2.4160579554814934,0.23244971846029444,0.24674142955141157,-0.014078540993703925
1979-10,pre_vix,2.597982826617313,2.6641334255244846,2.6987232001365693,0.004375901735777518,0.01014862285679931,-0.004576268613306975
1979-11,pre_vix,2.0188982163545095,2.4895113298179075,2.487448498038044,0.22147670256371307,0.21953936646571934,0.0019415913729457501
1979-12,pre_vix,2.6734955801551656,2.1749702315257986,2.1785923079942915,0.24852752322603194,0.24492924879554026,0.0036113938684352864
1980-01,pre_vix,2.6291217647940526,2.5122758801253244,2.4903553688829834,0.013652960764017718,0.019256112634147605,-0.005122643057004285
1980-02,pre_vix,3.2239529996901406,2.5003418251801777,2.4996630591388103,0.523613131875688,0.5245959179838496,-0.0009823253848226798
1980-03,pre_vix,2.8899122875885936,2.8688272521058686,2.818928219231037,0.0004445787213077723,0.005038737960590277,-0.0021042457574389738
1980-04,pre_vix,2.5362451088023126,2.723444397228368,2.6849598826978465,0.03504357358722155,0.02211608397479977,0.014408547471071717
1980-05,pre_vix,2.463026482290343,2.547533008083441,2.533481721180253,0.007141352901619561,0.004963940687034288,0.00237485087822098
1980-06,pre_vix,2.450562179585023,2.499948257805103,2.454743561151434,0.00243898472195985,1.748395180392089e-05,0.004464965369706162
1980-07,pre_vix,2.6407798692662072,2.4880464604516677,2.469593319355143,0.02332749416810927,0.02930483487045331,-0.005636822286015787
1980-08,pre_vix,2.877336644029573,2.595256012570719,2.5352755976838863,0.07956948264422568,0.11700575942710593,-0.03383862661288366
1980-09,pre_vix,2.7067089254284844,2.732910197660713,2.698722828959741,0.0006865066665873576,6.377773680807718e-05,0.0017915051084754917
1980-10,pre_vix,2.8809577622476272,2.643273878809238,2.5939893509577074,0.056493628446353784,0.08235086907826056,-0.023428275946358483
1980-11,pre_vix,2.8859683336388016,2.7431339427438988,2.676726115596638,0.02040166322231789,0.043782305811204326,-0.01897064308246597
1980-12,pre_vix,2.6447513153313804,2.7605098631873277,2.730521122458694,0.013400041401717641,0.007356459814656543,0.006942906157550324
1981-01,pre_vix,2.665232269046596,2.6368160505440947,2.631087895740567,0.0008074814739819042,0.001165838228461476,-0.00032554499702639405
1981-02,pre_vix,2.596593412222133,2.6444784978655367,2.6305892214114373,0.0022929814270761244,0.0011557150424355968,0.0013301783850589283
1981-03,pre_vix,2.277300420006478,2.57975531775472,2.544277110749382,0.0914789651718995,0.07127655340003212,0.021461114944181
1981-04,pre_vix,2.307730328503418,2.398588326458961,2.3468370708531117,0.008255175792489427,0.0015293372972053174,0.009404030952066053
1981-05,pre_vix,2.336731733682196,2.4040250157313627,2.3720491596494853,0.0045283858089486765,0.0012473205769549423,0.004303520604162675
1981-06,pre_vix,2.3671900248488793,2.41159015479452,2.3818439200117973,0.0019713715391897987,0.00021473664344579273,0.0026414733794928777
1981-07,pre_vix,2.6658141719345045,2.4268958981837745,2.3970840739533767,0.05708194153202878,0.07221586556094654,-0.014245179164973629
1981-08,pre_vix,2.9228198059406227,2.585984801122442,2.5377368843683996,0.11345782047086383,0.14828885648659895,-0.032503174544630115
1981-09,pre_vix,2.6914049118606043,2.7294108567768616,2.7086830754940183,0.0014444518489775847,0.000298534938543032,0.0015755578273439397
1981-10,pre_vix,2.5251923568067696,2.6146763506030517,2.586110184741421,0.00800738514573306,0.0037109817602757936,0.005112429217491464
1981-11,pre_vix,2.1970103900524354,2.5169178416853906,2.475352348230524,0.10234077761029158,0.07747424568241282,0.02659422217402531
1981-12,pre_vix,2.820335387562192,2.3210235963826866,2.297424532468105,0.24931226481088614,0.2734357623752293,-0.023566581746698678
1982-01,pre_vix,2.618904724223887,2.6487657366800055,2.5857787944598307,0.0008916800649044507,0.0010973272227332031,0.003761707732418881
1982-02,pre_vix,2.5390578938667705,2.5458598212243664,2.513749521222676,4.626621577801131e-05,0.0006405137258923548,0.00043682385608421906
1982-03,pre_vix,2.384006631472201,2.5064916866717857,2.4693152533969664,0.015002588747245296,0.007277560974702565,0.009107114963579818
1982-04,pre_vix,2.2798358242333734,2.4229721376867754,2.4090679097839827,0.020488004229030566,0.016700931935759996,0.003980399846843372
1982-05,pre_vix,2.4875632162905625,2.364665070394395,2.362477734043031,0.015103954264715629,0.015646377869097537,-0.0005376391640679098
1982-06,pre_vix,2.25321386131592,2.4722750328385437,2.4349400190019868,0.04798779686886432,0.03302439638734118,0.016357303739699035
1982-07,pre_vix,3.1904539031535206,2.349725420493009,2.3181821149252526,0.706824381556646,0.7608580725389404,-0.05303871085615364
1982-08,pre_vix,2.6521387845995914,2.872908762639391,2.8474185548277084,0.048739383203693594,0.03813418866034619,0.011254945237630168
1982-09,pre_vix,3.207886499508797,2.5914468817153495,2.5635770941689313,0.3799978023853313,0.4151346098094111,-0.03436008236619725
1982-10,pre_vix,3.14687227470766,2.9071820066143528,2.8676267434497347,0.05745142461864142,0.07797806672752086,-0.018962023264857256
1982-11,pre_vix,2.7005886200114633,2.8995480155599385,2.8904732396589035,0.03958484107701461,0.03605616877865303,0.0036110238560155897
1982-12,pre_vix,2.9189503475318075,2.683635598135458,2.661452096267454,0.05537303128346684,0.06630534940420003,-0.010440210365605475
1983-01,pre_vix,2.614648957880245,2.790697312155207,2.7517896187055904,0.030993023042922535,0.018807560851612358,0.013699270800879536
1983-02,pre_vix,2.4120430501909618,2.628886889684585,2.5953274619574347,0.04702125072633631,0.033593175596581995,0.014554310319128155
1983-03,pre_vix,2.4906757390212717,2.5216662689399314,2.4870244346493133,0.0009604129446393416,1.3332023616682342e-05,0.002147137604041301
1983-04,pre_vix,2.4143792192040525,2.552996459149477,2.523003223785827,0.019214739210087366,0.011799174371381334,0.00831515900628534
1983-05,pre_vix,2.4880654010339383,2.512471825803826,2.4812175961855836,0.0005956735700481848,4.689243124114982e-05,0.00152560800783685
1983-06,pre_vix,2.753208156601175,2.5502523194597866,2.53304317292724,0.04119107182976178,0.048472620036144165,-0.006985393482003714
1983-07,pre_vix,2.4003183535344412,2.6961610401065528,2.6609278306308863,0.08752289519820462,0.06791729955248255,0.02084697469567827
1983-08,pre_vix,2.3088970835867313,2.495907410714132,2.45291324609883,0.034972862452297394,0.02074065506471119,0.016080705578553893
1983-09,pre_vix,2.3522398153939905,2.4418381605022383,2.399266273130528,0.008027863446136676,0.0022114877272463337,0.007628741313279943
1983-10,pre_vix,2.188082242902653,2.4236083784111844,2.386056957088476,0.055472560507582994,0.03919398745695823,0.017688682293980323
1983-11,pre_vix,1.9020897047382568,2.3032484121601757,2.2870358787041183,0.16092830854042478,0.1481835568509553,0.013007597930533271
1983-12,pre_vix,2.2361027449518027,2.138283761000323,2.1499427735794487,0.009568553621299821,0.007423540666884858,0.0022809455287351715
1984-01,pre_vix,2.7221044163884685,2.2769942287906932,2.264378027121529,0.19812307910332663,0.20951344743134998,-0.011231199783466317
1984-02,pre_vix,2.4043759317840556,2.5402193778142985,2.5454621171000564,0.018453441829371513,0.019905311687020925,-0.0014243835424309834
1984-03,pre_vix,2.28949985344539,2.386427632143301,2.4214425567338735,0.009394994283311215,0.017408876951072783,-0.006787837723678095
1984-04,pre_vix,2.304992831925177,2.324152135213665,2.315788248375477,0.00036707890250025965,0.00011654101633540592,0.00032049248920686644
1984-05,pre_vix,2.4859680224784895,2.3202282986272604,2.3412651266318245,0.02746965606228166,0.020938928066410768,0.0069732761283645035
1984-06,pre_vix,2.201164568505856,2.4126161730994857,2.4040275154019906,0.044711781085220705,0.04115337522338388,0.003632170902881565
1984-07,pre_vix,2.8557013788564487,2.2498417756065825,2.2499762356613293,0.3670658588500853,0.3669029490987479,0.00016292783084376206
1984-08,pre_vix,2.222818999580422,2.610663120806949,2.607535730749384,0.15042306236997688,0.14800696324133128,0.0024258796972177477
1984-09,pre_vix,2.321211371428017,2.2903105496846323,2.271250532344138,0.0009548607844164441,0.0024960854419652785,-0.001177940396528885
1984-10,pre_vix,2.268758208751185,2.3395354830993815,2.3221119356522113,0.0050094225641599014,0.0028466201742293152,0.0024663823955743784
1984-11,pre_vix,2.355104174848055,2.299796173510292,2.291746819374909,0.0030589750119779852,0.004014154492550573,-0.0008903873785757808
1984-12,pre_vix,2.505529965598943,2.3520039641547954,2.3275018225109156,0.023570233119428456,0.0316940197313712,-0.007523431666805993
1985-01,pre_vix,2.1897977620114784,2.4369687310343044,2.418299790259737,0.061093487927682856,0.05221317691356797,0.009228840363759191
1985-02,pre_vix,2.143539194681683,2.2634585837923216,2.2698952456243204,0.014380659884668773,0.01596585160981842,-0.001543761109610138
1985-03,pre_vix,1.8926308931151175,2.231396907935354,2.230648316339396,0.11476241279718484,0.11425577840318103,0.0005071947833813484
1985-04,pre_vix,2.2226825020496137,2.088645874446791,2.105700593028698,0.017965817539137757,0.01368476703817784,0.004571913926867954
1985-05,pre_vix,2.0645179010060155,2.2508521561669075,2.210483781763089,0.0347204546463644,0.02130603834518817,0.015044021953183103
1985-06,pre_vix,2.127191663872604,2.1609502641219533,2.1594928310290906,0.001139643090795381,0.0010433653996713007,9.840180234425172e-05
1985-07,pre_vix,2.0091669710100746,2.1936571188612772,2.204614746590184,0.034036614654158616,0.038199832979212894,-0.004043148719608966
1985-08,pre_vix,2.274412185346534,2.0956154676390786,2.138860158485576,0.031968266262959504,0.018374351986113886,0.015464017563254755
1985-09,pre_vix,2.176260738322817,2.232649446415543,2.2602054680944694,0.0031796864003666506,0.0070467176564357175,-0.003107696925299608
1985-10,pre_vix,2.2815602816202816,2.181097792187468,2.195349868046953,0.010092711783038198,0.007432235408484321,0.0028635980408584
1985-11,pre_vix,2.400894523741435,2.2380977574872922,2.2521131597462176,0.026502787102806062,0.022135894272277426,0.004563324331008128
1985-12,pre_vix,2.5503116183578856,2.301901378069537,2.315645805099515,0.06170764748011508,0.05506804391221244,0.006828512842285028
1986-01,svr_test,2.361980777605268,2.3858679434137566,2.4050918231545597,0.0005705966903622214,0.0018585622483530927,-0.0009184080057020119
1986-02,svr_test,2.366836578633003,2.29945582103998,2.282010527526918,0.004540166493809724,0.00719545894625218,-0.002350954186685565
1986-03,svr_test,2.6852619706408696,2.3073536266985126,2.3236883626660214,0.14281471642125476,0.1307354739839492,0.01234606603643379
1986-04,svr_test,2.3957070202527078,2.4924595488544203,2.521545969053172,0.00936105179082521,0.01583544103520588,-0.005628369404402317
1986-05,svr_test,2.4074026539587527,2.354642957015216,2.3521270701605514,0.0027835856215738318,0.003055390164231974,-0.00026547485599266816
1986-06,svr_test,2.758935823884237,2.368176341686046,2.362150196314391,0.15269297292779818,0.1574388342459964,-0.004709546890157901
1986-07,svr_test,2.358142854886564,2.564388721157988,2.540560988834142,0.042537357354050086,0.033276375592916387,0.009828742588830569
1986-08,svr_test,3.018510458383508,2.371772414287768,2.3525806185032785,0.4182700976807833,0.4434625516429082,-0.024824128936691336
1986-09,svr_test,2.177211972042408,2.7416920154608184,2.709475919888684,0.31863771941765034,0.2833049101769033,0.03637068605465993
1986-10,svr_test,2.5590378121933997,2.320666977683596,2.3046500474033125,0.05682065474490021,0.06471313487489672,-0.007635938074393042
1986-11,svr_test,2.343373913468353,2.515890864236922,2.4935090435218625,0.029762098302484895,0.02254055727618419,0.007722486924821779
1986-12,svr_test,2.800039182089668,2.389263435943181,2.3712238465506488,0.16873671362220344,0.18388259199344179,-0.014820451585787181
1987-01,svr_test,2.4899951426519027,2.6339336199581838,2.6287438021761784,0.02071828524925079,0.01925119051978339,0.0014940289380778182
1987-02,svr_test,2.550719734662291,2.4850174442684967,2.466695052886676,0.004316790962990471,0.00706014714749336,-0.0024076461585542715
1987-03,svr_test,2.966657585919835,2.5214423639061883,2.5264470952498175,0.19821659391266075,0.19378527609593757,0.004456365152545078
1987-04,svr_test,2.7170947026110452,2.7404240279749983,2.700900391838448,0.0005442574219371829,0.0002622557013994523,0.0018441195339921378
1987-05,svr_test,2.1944288972679917,2.631407018183645,2.6113820867331845,0.19094987815897538,0.17384996220519694,0.01750091383337407
1987-06,svr_test,2.0971730996249875,2.3714736560076997,2.4004387603476527,0.07524079523186543,0.09197006097355465,-0.015890288472264855
1987-07,svr_test,2.55701453850125,2.2906680863893967,2.2978214963053167,0.07094043255257174,0.06718103312278281,0.003810570703214111
1987-08,svr_test,2.6886437496093007,2.511737605023817,2.5087977061209323,0.031295783992100104,0.0323445993584201,-0.001040172360760816
1987-09,svr_test,4.37097007737994,2.5722340812590714,2.5832614976939685,3.235451183740932,3.195901965882832,0.03967082177132886
1987-10,svr_test,3.263270957782332,3.6990923207897355,3.774811868944958,0.18994026045363097,0.26167410379308953,-0.06600039336662752
1987-11,svr_test,3.195050697811283,3.1696287575197615,3.163818864477531,0.000646275048185693,0.0009754274133872773,-0.0002953975080394252
1987-12,svr_test,3.374462392945323,3.1430502696297693,3.1498621395678295,0.053551570817412936,0.05044527381723421,0.0031526985722317713
1988-01,svr_test,2.5671551357287017,3.2081615628058384,3.1724261216836473,0.4108892395541966,0.36635296643887205,0.045813294867522114
1988-02,svr_test,2.451266816813531,2.808552047002795,2.7620498355247003,0.1276527357113955,0.09658608471922701,0.03322910666452193
1988-03,svr_test,2.871580241565116,2.7391538775221322,2.6666225537157247,0.017536741893644903,0.04200765380856861,-0.019210118981813754
1988-04,svr_test,2.6656835777884424,2.9204996157672385,2.8212108519765184,0.06493121321121123,0.02418873301637297,0.05060073880992766
1988-05,svr_test,2.610942192981695,2.8226086856428085,2.790392590091309,0.04480270411545716,0.03220244502279807,0.013638135905242446
1988-06,svr_test,2.4971297701779576,2.796815280966978,2.742494471527171,0.0898114053768762,0.060203836668188626,0.03255831904688343
1988-07,svr_test,2.3676154662234654,2.731670269108527,2.696237261124075,0.13253589950368092,0.10799228408369818,0.025799113474808982
1988-08,svr_test,2.290510462877544,2.657637810872818,2.6085830419491054,0.13478248964604295,0.1011701655572346,0.036018694442967195
1988-09,svr_test,2.423474312115742,2.6046419392780047,2.589472765829787,0.03282170913160468,0.02755548663545397,0.005496326319252828
1988-10,svr_test,2.410501942657247,2.5141572159216494,2.497564900082766,0.010744415675517954,0.007579958555677784,0.0034397620647374253
1988-11,svr_test,1.9158531301048758,2.4829260863773746,2.449229638435324,0.3215717377356313,0.28449049963878076,0.03821668870076189
1988-12,svr_test,2.2416842933549628,2.2065899769788557,2.2277742918790953,0.0012316110419062954,0.00019348814105863652,0.0014868980986401693
1989-01,svr_test,2.352174617845326,2.305334614851662,2.3314032339922757,0.002193985880446492,0.0004314503871707692,0.0024421083971741028
1989-02,svr_test,2.3672051238226537,2.3517753089479974,2.375068862370823,0.00023807918706616584,6.183838395396289e-05,0.000718830434174232
1989-03,svr_test,2.1794052314291106,2.3678317212558313,2.4441761172475958,0.03550454206841929,0.07010362197710532,-0.028770613109338684
1989-04,svr_test,2.225683904566337,2.2536433320097764,2.327766098337398,0.000781729582964951,0.010420774285112396,-0.004144860214088284
1989-05,svr_test,2.4185180839398592,2.2595795995740735,2.304793084277512,0.025261441812493114,0.01293337554820084,0.014372325463320356
1989-06,svr_test,2.2700351136369674,2.348360336037765,2.384503325594474,0.0061348404641344305,0.013102971548748673,-0.005661815390517873
1989-07,svr_test,2.3130433853042387,2.2725628897414953,2.3221582786262736,0.0016386705210052845,8.308128027207561e-05,0.004015291839365592
1989-08,svr_test,1.970497031082801,2.294117559712077,2.3434228106842374,0.10473024655029214,0.13907363709133916,-0.03191238276761929
1989-09,svr_test,3.0967621118849817,2.111092151198157,2.1623334668114826,0.971545271400367,0.8731568927338953,0.10101405109225614
1989-10,svr_test,2.1740047795420954,2.7369588447287656,2.8021046174136806,0.31691727951019777,0.3945094063343116,-0.07334815512539922
1989-11,svr_test,2.286125627415489,2.286825922247851,2.2914829394832736,4.904128522326147e-07,2.8700792591630063e-05,-6.522570208372636e-06
1989-12,svr_test,2.7860940569322596,2.348853298497024,2.367878843744104,0.19117948083702002,0.17490396454201443,0.016637487666954276
1990-01,svr_test,2.327323215270009,2.5826010278540035,2.6159399275562722,0.06516676159766892,0.08329960661093155,-0.017021362779904695
1990-02,svr_test,2.2435104848296925,2.3688317945451076,2.42514761511111,0.015705430668786997,0.03299204709686863,-0.014115144782059455
1990-03,svr_test,2.3197258027524237,2.326439661102111,2.3487475751178617,4.5075893939665826e-05,0.0008422632712313016,-0.00029954434955750843
1990-04,svr_test,2.4021751003448095,2.3429430423972266,2.3601613424438037,0.003508436688705819,0.001765155852964328,0.0020397506922354477
1990-05,svr_test,2.4025479383652018,2.387425902152502,2.39096007769802,0.00022867597921820434,0.00013427851484201295,0.00010688786116273075
1990-06,svr_test,2.419025884196873,2.3923151237124856,2.424993904235875,0.0007134647256543154,3.5617263185926626e-05,0.0017457501589642327
1990-07,svr_test,3.235045850931249,2.4058913395938664,2.460636501086914,0.6874972036711338,0.599709841126326,0.09078439525170767
1990-08,svr_test,2.735171870464548,2.8711636887164227,2.910616057803539,0.018493774631450976,0.03078066287103902,-0.010730398813001998
1990-09,svr_test,3.030929392024809,2.654600601511703,2.6253767983789036,0.14162335856905728,0.1644729062129209,-0.021995516974319007
1990-10,svr_test,2.76547586860779,2.802206103891235,2.721435784569404,0.0013491101839772353,0.0019395290021080912,0.0059334256652196875
1990-11,svr_test,2.2460500136301063,2.671615421714102,2.638764940073781,0.18110591655769778,0.15422501345166098,0.027960057250037862
1990-12,svr_test,2.8933710772978647,2.4191518170217803,2.4893995235287183,0.22488390681679668,0.16319301625465835,0.06662563083162323
1991-01,svr_test,2.822324889419093,2.71770823108623,2.561315487638902,0.01094464520073498,0.06812590781765314,-0.0327225724139364
1991-02,svr_test,2.5161011232041237,2.6960108785695525,2.61528821754136,0.032367520075648415,0.009838079683063829,0.02904558839605703
1991-03,svr_test,2.620376290690195,2.5619586646139627,2.524137352798659,0.0034126190363824764,0.00926193316649093,-0.004418862502678007
1991-04,svr_test,2.5156139917713385,2.6039987807234435,2.5859823134066624,0.007811870918108142,0.004951700689772396,0.0031847633229123862
1991-05,svr_test,2.3819147433460293,2.5449622296580547,2.5841939792345534,0.026584482792670137,0.0409168892716452,-0.012793276304141954
1991-06,svr_test,2.311898628138825,2.4787248177047942,2.54517688960568,0.027830977525100647,0.05441874727299823,-0.02217189188797711
1991-07,svr_test,2.6675386373412167,2.4338251841506873,2.408764374605573,0.054621978202241774,0.06696411905437598,-0.011714096677077714
1991-08,svr_test,2.0332456174156004,2.5825212193728966,2.58773445492644,0.3017036869055501,0.3074578709241221,-0.005727006193635253
1991-09,svr_test,2.3539030182966436,2.270969905959685,2.279040744804866,0.006877901121894586,0.005604359992357715,0.0013386795692017523
1991-10,svr_test,2.7329117322112264,2.3990334641566866,2.3845747618997235,0.11147469787909912,0.12133864488579685,-0.009654892935742218
1991-11,svr_test,2.7001453761763097,2.576263385448015,2.559908624626046,0.015346747626805336,0.019666346485370363,-0.004052120657021223
1991-12,svr_test,2.29299451731332,2.5889258442630405,2.544423581584587,0.08757535027022241,0.06321657436032485,0.02633922729339965
1992-02,svr_test,1.9896871924747392,2.3841209126359573,2.383814396475286,0.15557795960021806,0.15533625293328862,0.00024180061908618544
1992-03,svr_test,2.6464372907146747,2.1826751145786623,2.1988299611366524,0.21507535601440983,0.20035232149196827,0.014984013589753764
1992-04,svr_test,2.1084248821069065,2.5024619903973493,2.499614734701104,0.15526524270989414,0.15302950077267014,0.002243848802223808
1992-05,svr_test,2.217868247723892,2.241818934788035,2.2580904545654734,0.0005736354108445092,0.0016178259232069753,-0.0007794281564948916
1992-06,svr_test,2.256093647971429,2.2936009114077223,2.2932916406356787,0.0014067948104795121,0.0013836906582495845,2.319980064036803e-05
1992-07,svr_test,1.8801766227861803,2.2899659421061034,2.26909129256657,0.1679272862286859,0.15125462037038964,0.01710841685169462
1992-08,svr_test,2.267511181043004,2.0963698138239644,2.127052057713499,0.029289367573602166,0.01972876532649314,0.010502002337205898
1992-09,svr_test,2.258376298803005,2.277723325285898,2.273693965971149,0.0003743074337297628,0.00023463092747403255,0.00015591224274308583
1992-10,svr_test,2.01970865227993,2.2719287251251097,2.2600865794936027,0.06361496514602769,0.05778154789154167,0.005973653667643838
1992-11,svr_test,1.8306838163248582,2.1468186035897454,2.118371330243874,0.09994120371901548,0.08276410566490379,0.017986345414926427
1992-12,svr_test,1.855467711540366,2.02280405376518,2.0355543669745564,0.028001451429180133,0.03243120346547283,-0.004267181549355507
1993-01,svr_test,2.5748274049556295,2.0072253674033274,2.007875344447404,0.32217207303352496,0.3214346389145228,0.0007378565891599798
1993-02,svr_test,2.219366603659268,2.377384807903448,2.344235728666364,0.024969752872555387,0.015592298380037799,0.010476315946784054
1993-03,svr_test,2.3763052004619314,2.230213704094824,2.207645852120846,0.021342725310780616,0.02844597578283952,-0.006593942529339539
1993-04,svr_test,2.240317502912087,2.3017299105441285,2.2821563772715043,0.0037714838111639988,0.0017504914076630924,0.00240411560827543
1993-05,svr_test,2.054450415547287,2.2292438951833935,2.198045670756608,0.030552760523298007,0.020619597318630074,0.010906492412052004
1993-06,svr_test,1.9579676711240308,2.1366523711916874,2.126578877616592,0.03192822203826839,0.02842973895487716,0.003599958356198713
1993-07,svr_test,1.6564899942355267,2.0705546112939004,2.056673035012243,0.17144950709969767,0.1601464661252989,0.011495739134462252
1993-08,svr_test,2.02366840430738,1.910913854544126,1.9287533271629123,0.012713588492314085,0.009008871869340228,0.004022963406290282
1993-09,svr_test,1.734428015067985,2.069310698758869,2.0450820348647474,0.11214641183600883,0.09650592001588727,0.016227519974215884
1993-10,svr_test,2.221563218845746,1.920223940696804,1.9316394004474353,0.09080536055532551,0.08405582047465672,0.006879852801987066
1993-11,svr_test,1.6102986257269063,2.1671269267859503,2.1641552349583333,0.31005775686030135,0.3067571435893336,0.0033094442232861065
1993-12,svr_test,1.8425411269327756,1.8775766586912734,1.8905013948297222,0.00122748848560071,0.0023001872967468896,-0.0009056500068976552
1994-01,svr_test,2.408469060869794,1.9841781476368934,1.990754333452924,0.18002277905200867,0.1744855935009498,0.005580431770945832
1994-02,svr_test,2.312442159160057,2.243017553783275,2.2423074797680944,0.0048197758317219345,0.004918873253413385,-9.859321658441545e-05
1994-03,svr_test,2.630908962109241,2.2232865628762117,2.2061495465182013,0.16615602035649107,0.18042056113324156,-0.013970863447095777
1994-04,svr_test,2.221563218845746,2.405849950349418,2.38108882371506,0.0339615994083065,0.02544841860892039,0.009126294191588842
1994-05,svr_test,2.2247880506583595,2.216969686402553,2.2100283803536147,6.11268196364694e-05,0.0002178478675047651,-0.00010853931820326547
1994-06,svr_test,1.8533216198391227,2.219289910193422,2.242993677815462,0.13393278954484858,0.1518443127675157,-0.017349654623187438
1994-07,svr_test,1.9199443415040198,2.020004542311633,2.032431791667627,0.010012043785659886,0.012653426444309982,-0.002486946132094046
1994-08,svr_test,2.1675775643510344,2.040966776849948,2.067167418833347,0.01603029151164527,0.010082197322883148,0.006634567829104378
1994-09,svr_test,2.3690614556084633,2.15250232349268,2.1878167238983113,0.04689785770274132,0.03284965277268497,0.015295311806065602
1994-10,svr_test,2.24175206056116,2.27648122522858,2.293134375510895,0.0012061148784967843,0.0026401422895937607,-0.0011566999967716133
1994-11,svr_test,2.1820331546484444,2.228921713454983,2.237521813185473,0.0021985369469542113,0.00307899122623894,-0.000806492563910354
1994-12,svr_test,1.7853012732614415,2.209844290984448,2.2221821722384076,0.180236773897357,0.19086491989092208,-0.010475922679728272
1995-01,svr_test,2.0606597744792223,2.012088752147557,2.0366700009980856,0.002359144210343132,0.0005755092316762513,0.002387872773718494
1995-02,svr_test,1.9031190259416075,2.119266511730186,2.143719997427095,0.046719735612723676,0.05788882747976039,-0.010571118904307772
1995-03,svr_test,1.6535081242276524,2.0280758883705117,2.050459539594184,0.14030100993498068,0.15757042616149275,-0.016768388384409055
1995-04,svr_test,2.2381970074051685,1.8831336122470934,1.9098936304680196,0.12607001458117936,0.10778310730833564,0.019003005848028026
1995-05,svr_test,2.122812837114774,2.1565837790610685,2.1620835104478586,0.0011404765199399848,0.0015421857840338372,-0.00037146221876700747
1995-06,svr_test,2.3567180384763162,2.1101565321801394,2.137196229102885,0.06079257638703963,0.04818982479058508,0.013333896806128481
1995-07,svr_test,1.5474258947032897,2.249032614736529,2.272999317648303,0.4922519895958001,0.5264567920841434,-0.033630399639882125
1995-08,svr_test,1.9525022163844998,1.86540509576513,1.9034893413506093,0.007585908420185053,0.002402261919087768,0.006634056262912384
1995-09,svr_test,2.1408155230348354,2.035640581768167,2.065920231936815,0.011061768270447166,0.00560930462865723,0.006369320856125639
1995-10,svr_test,2.074832866905031,2.098652459474759,2.132781851414722,0.0005673729901878407,0.0033580848057043807,-0.0016258964213249436
1995-11,svr_test,2.3181588142923366,2.0783858495076197,2.1043792247918613,0.05749107464165308,0.045701712886991715,0.012465017313328788
1995-12,svr_test,2.490289502246014,2.206212142178014,2.213859962451358,0.08069994650320399,0.07641329047108525,0.004345145187052105
1996-01,svr_train,2.378018339386024,2.319210877727834,2.342170025283277,0.0034583175466795075,0.0012851016240092114,0.0027003383791429072
1996-02,svr_train,2.568623399715803,2.287837570524593,2.2794865348729867,0.07884068187459523,0.08360012661113289,-0.004689704940083264
1996-03,svr_train,2.3300223301446574,2.4018896998614068,2.4096889510183748,0.00516491883000394,0.006346770481436616,-0.0011210233328232096
1996-04,svr_train,2.343247210901948,2.3010492755323537,2.30289226527202,0.0017806657494564733,0.0016285216367944743,0.0001555407238425135
1996-05,svr_train,2.047969145780279,2.3083266815273884,2.2936881202136887,0.06778604642030729,0.06037781439660661,0.007622519501035624
1996-06,svr_train,2.8844698907895405,2.155757033173389,2.167041250658935,0.5310224288550978,0.5147038536796497,0.016445908739709192
1996-07,svr_train,2.3802302898655006,2.587744668416764,2.5772083147444955,0.043062217305517056,0.03880034228522996,0.00437288976899422
1996-08,svr_train,2.1697371188101724,2.374115254100922,2.3623556559330074,0.04177042218492388,0.03710190084334099,0.004806809490653714
1996-09,svr_train,1.9904101897729314,2.28501372596409,2.2966941716520144,0.08679124353633526,0.09380987755570645,-0.006882201207902644
1996-10,svr_train,2.1494363586012324,2.161010222044137,2.1662159265055116,0.0001339543149950027,0.0002815538990543186,-0.00012050022512013952
1996-11,svr_train,2.496276393272745,2.2218469518278177,2.2255390747627453,0.07531151833177478,0.07329869563398503,0.002026454469556377
1996-12,svr_train,2.414221082709347,2.3977270075229384,2.4255324628335067,0.00027205451625489466,0.00012794732031323682,0.0009172505409696641
1997-01,svr_train,2.5256032559557515,2.3722052566481944,2.3854433069355414,0.023530946191561306,0.0196448113093479,0.004061380857623736
1997-02,svr_train,2.6624217583464005,2.437709840545075,2.4313271465490787,0.050495446001949766,0.05340471960175488,-0.0028685348171585898
1997-03,svr_train,2.8110082779170362,2.509503097852491,2.509550090519985,0.09090537360575382,0.09087703874871578,2.833706534884073e-05
1997-04,svr_train,2.6665825352402357,2.6067987734657625,2.5945266057784804,0.003574098171906963,0.005192056970597458,-0.0014673526989457232
1997-05,svr_train,2.5488686668212894,2.555175722212867,2.549689482579926,3.977894771242819e-05,6.737385096263147e-07,6.920403451285366e-05
1997-06,svr_train,2.5875801686372175,2.5072203311443495,2.497379523614413,0.006457703481880156,0.008136156362529958,-0.001581611387808551
1997-07,svr_train,2.663143278255305,2.504038599735222,2.493172476967325,0.025314298726978934,0.02889007329047788,-0.0034577019394919396
1997-08,svr_train,2.6697997076135733,2.545179685344183,2.5758308153109,0.015530149950423386,0.008830152720591424,0.007639488998068548
1997-09,svr_train,3.373681340294809,2.5628123388860784,2.5894276615113743,0.6575085374455922,0.6150538326853511,0.04316308015868975
1997-10,svr_train,2.862629929876511,2.970765699163432,2.9905427167657583,0.01169334459927424,0.016361681049774007,-0.004277206025257049
1997-11,svr_train,2.687094209961942,2.758571669923015,2.754677488961624,0.0051090272824867965,0.004567499600348854,0.0005566923274980028
1997-12,svr_train,2.822275403614091,2.6828197903798277,2.716064912893349,0.01944786806254442,0.011280668339140766,0.00927243789434271
1998-01,svr_train,2.3921174329822197,2.7212667040392238,2.7199945380739834,0.10833924263735716,0.10750339604335546,0.0008374650002448136
1998-02,svr_train,2.355776607532242,2.511761292513728,2.514044934158357,0.024331221948773386,0.02504886321303066,-0.0007124262450961885
1998-03,svr_train,2.623033912814393,2.4803654983431627,2.4855878931286846,0.02035427648773474,0.01889140832744413,0.0014901415675864574
1998-04,svr_train,2.3100942226248753,2.5848828124832743,2.620166911954271,0.07550876911636745,0.09614507266796393,-0.0193913358761173
1998-05,svr_train,2.664159703410233,2.4369545307801617,2.4554049346458373,0.05162219046986047,0.04357855348187627,0.008384054390790742
1998-06,svr_train,2.699030792875837,2.6090705452396152,2.6279746760112044,0.008092846154770348,0.005048971743880332,0.00340124057111936
1998-07,svr_train,3.506798719315436,2.6306550720192647,2.6277359204166584,0.7676276906974376,0.7727514044077527,-0.005115192264236068
1998-08,svr_train,3.4847799080946267,3.0911036416935396,3.106922044505391,0.1549810027274997,0.14277656507622152,0.01245465951879618
1998-09,svr_train,3.257663644923335,3.136689348122033,3.1590207292415284,0.014634780486569536,0.00973042481420803,0.005403046255065661
1998-10,svr_train,2.7307624544487754,3.0399082615837085,3.02537898704181,0.09557113006910926,0.08679890127714258,0.008983328610680547
1998-11,svr_train,2.8931566645394806,2.778935357282518,2.7917183301679973,0.013046507031489473,0.010289735680060853,0.002920175747219521
1998-12,svr_train,2.9748447334834687,2.830201933056668,2.8032200136689807,0.020921539715307254,0.029455044451401513,-0.007805480762250596
1999-01,svr_train,3.0391341091588666,2.856755304582565,2.8600418918373807,0.03326202835868078,0.03207402230512635,0.0011988077093379457
1999-02,svr_train,2.871580768237842,2.906047411292234,2.8900450372217015,0.001187949483438873,0.0003409292291083139,0.0011030962302238138
1999-03,svr_train,2.8822016658798337,2.835498250477081,2.838115627806397,0.002181209010282067,0.0019435787530125296,0.00024448092135355274
1999-04,svr_train,2.9243521496520573,2.8407239568122575,2.813242428751395,0.006993674637650729,0.012345370078623045,-0.004596461056412345
1999-05,svr_train,2.814752376915127,2.862030022482156,2.856085645350891,0.002235175770361613,0.001708439079582935,0.0005620723102573821
1999-06,svr_train,2.6226544589567404,2.812484840734276,2.802357098184639,0.03603557384580489,0.03229303854547222,0.0038451064694844037
1999-07,svr_train,2.8540861399461437,2.716402551822225,2.6876554862362187,0.01895677043867694,0.02769916249431295,-0.00791599827582988
1999-08,svr_train,2.84881579836584,2.795206156930226,2.7870111044059582,0.0028739936548551224,0.0038198201954746714,-0.0008786676547440412
1999-09,svr_train,3.1287326342834456,2.7691495611545727,2.7555339414236726,0.12929998648080437,0.1392772643522432,-0.009791892770782351
1999-10,svr_train,2.568929920154813,2.9093793834107577,2.8937674448429345,0.11590583703126085,0.1055194174455059,0.010630152211600435
1999-11,svr_train,2.4701612304669847,2.6463052845589807,2.637184807306852,0.031026727791964036,0.027896875220383074,0.0032130356768875594
1999-12,svr_train,3.278207341041048,2.5847289512800136,2.574214048246886,0.4809122770655571,0.49560655629916656,-0.014583716047813389
2000-01,svr_train,2.9254319127779516,2.974280328222395,2.954736864018378,0.002386167691432926,0.0008587801672037832,0.0019093345173228228
2000-02,svr_train,3.2797741898671164,2.8201521009175696,2.81206189507048,0.2112524646503451,0.21875479070393586,-0.007436874622942458
2000-03,svr_train,3.652225954366078,3.0149408694502133,2.998130513021792,0.4061322794562211,0.4278408463873767,-0.021425978847905036
2000-04,svr_train,3.3218387909863,3.2400661768633805,3.2263927489329336,0.006686760420495907,0.009109946943653004,-0.0022362238917879706
2000-05,svr_train,2.9529479817509876,3.1138046902746783,3.0802003520787236,0.025874880677075593,0.016193165754027253,0.010810966468636444
2000-06,svr_train,2.9267571026465826,2.942467410180369,2.911683431352572,0.0002468137628061434,0.00022721556627988267,0.0009672515489965172
2000-07,svr_train,2.4018658827737642,2.9023154876288486,2.8791780375973914,0.2504498069996101,0.22782689314237428,0.023158255451194015
2000-08,svr_train,2.7445586897197782,2.6285202625704316,2.6256171912459125,0.01346491657529423,0.014147080059208597,-0.0006737356607991237
2000-09,svr_train,3.340756602463924,2.772397363720182,2.7532737610341704,0.3230322242653656,0.34513608897437686,-0.02173815252931882
2000-10,svr_train,3.167922713898618,3.0765299610273678,3.0542070599458744,0.008352635277385402,0.012931249953900114,-0.004080302763820574
2000-11,svr_train,3.414463524266248,3.026413041195826,2.999921051846482,0.15058317741118796,0.17184546143989277,-0.020560458529019027
2000-12,svr_train,3.319626447371114,3.1744022190224284,3.1402338691326896,0.021090076499471158,0.03218169712702917,-0.009924144493370403
2001-01,svr_train,2.954132793695718,3.1333163467675873,3.0890923630762286,0.032106745691459396,0.018214085367372845,0.01584842105762011
2001-02,svr_train,3.362150758925156,2.9627989238191734,2.9263752681840827,0.15948188820251574,0.18990027833062312,-0.02909170743828371
2001-03,svr_train,3.4787618822195996,3.148483630770689,3.1235916169929716,0.10908372338014971,0.12614591730115327,-0.016442581571093462
2001-04,svr_train,2.8848185589806357,3.201034728998014,3.1834611314831234,0.09999266618045945,0.08918738611090363,0.011114111399171192
2001-05,svr_train,2.6494236130738216,2.921023246426818,2.9007951522683193,0.07376636083748209,0.06318765071701091,0.010987885913756268
2001-06,svr_train,2.910535582961153,2.7915115671520665,2.7896897660202287,0.014166716339321674,0.014603711472119394,-0.00043367617343375436
2001-07,svr_train,2.705499007919047,2.8774793926018236,2.8687714256834473,0.02957725271563588,0.02665788240263292,0.002995199000854494
2001-08,svr_train,3.5463577756510536,2.780546390147007,2.7668448619259554,0.5864670781676277,0.6076403826641924,-0.020985572620972448
2001-09,svr_train,2.982669527587639,3.226745827065518,3.20740320394167,0.059573239966815336,0.05050522528759838,0.009442151748528173
2001-10,svr_train,2.771668344413965,2.9659489772572436,2.9354803571890424,0.03774496429798485,0.026834375529422156,0.011838925577423085
2001-11,svr_train,2.728910148745552,2.863926248360965,2.8572976808340256,0.018229347155359142,0.01648335839576888,0.001789926667049458
2001-12,svr_train,2.7476923342439155,2.7894115710378147,2.776668640986071,0.0017404947186654342,0.0008396263524154772,0.001063250632553594
2002-01,svr_train,2.9006372892760126,2.774768055761765,2.77648891305116,0.015843063945464222,0.015412819319267529,0.0004332059760071578
2002-02,svr_train,2.7512010637254027,2.8479483926381937,2.839476198898944,0.00936004565175975,0.007792499489906958,0.0016393242286081742
2002-03,svr_train,2.7658224063981685,2.764183156248065,2.758748406827219,2.6871410546135086e-06,5.004146992979617e-05,-1.781782760779206e-05
2002-04,svr_train,3.0334593858739702,2.744444508637014,2.7554795955244207,0.08352959926429292,0.07727276384277952,0.006378608564126018
2002-05,svr_train,3.043368249454449,2.8756607005701396,2.873525576170904,0.028125821952783098,0.028846533668101,-0.0007161529591176892
2002-06,svr_train,3.695837630698405,2.8986355763650558,2.895844930686898,0.6355311154333124,0.639988320071701,-0.004449416935087602
2002-07,svr_train,3.4555233101038003,3.2737814270904737,3.2745810981337855,0.033030112041229694,0.03274008407260177,0.00029066744240544007
2002-08,svr_train,3.3804426204220985,3.196820758026628,3.1823473170592553,0.03371698834958115,0.03924174921441688,-0.005315280371399708
2002-09,svr_train,3.5453774550897497,3.1617343621669,3.1456272692041183,0.1471820227474102,0.15980021111559684,-0.012358749924474915
2002-10,svr_train,3.158483922135191,3.2509020019335813,3.223790928041936,0.008541101473621665,0.004265005020503639,0.00501110678067628
2002-11,svr_train,2.8573552725939457,3.074073919823433,3.0347682385294767,0.04696697205697887,0.03147536048204189,0.01703654815691902
2002-12,svr_train,3.1694383618837647,2.9247585772344573,2.891597404627112,0.059868197016031445,0.07719559752929324,-0.016227737144567635
2003-01,svr_train,2.868412007261227,3.05464415884283,2.999121120611606,0.034682414282713236,0.017084872312842295,0.0206803497442969
2003-02,svr_train,3.2507898592812423,2.907577060835763,2.8584321791717184,0.11779502501677724,0.15394454914092748,-0.03373430473037731
2003-03,svr_train,2.917208838684312,3.1034500738674677,3.0425332978169166,0.0346857976825476,0.015706220056879935,0.022690431230060662
2003-04,svr_train,2.7709563730732802,2.9461631091199996,2.9097254125992777,0.030697400356144777,0.01925684633096786,0.012768259752913142
2003-05,svr_train,2.7409890131716104,2.8732927661229324,2.8399133662843914,0.01750428304500445,0.00978602763878219,0.008832439739803452
2003-06,svr_train,2.713078649018202,2.833562272803875,2.8214689989241353,0.01451630360052759,0.011748467952730612,0.002914082920927378
2003-07,svr_train,2.394590158169473,2.782794520191531,2.781117838497449,0.15070262669295315,0.14940364765972586,0.0013017902947305704
2003-08,svr_train,2.723137597957016,2.6038252427394286,2.6058762414623335,0.01423543810756771,0.013750225726972966,0.000489418976356102
2003-09,svr_train,2.544081662111099,2.733076650695594,2.7378613415928164,0.03571910571005332,0.03755056418003707,-0.001808565203001787
2003-10,svr_train,2.455880184063692,2.6103536445113766,2.625333568961705,0.023862049982682418,0.028714449653394248,-0.004628001534174277
2003-11,svr_train,2.358308778639291,2.5544390211473553,2.5482683778457766,0.03846707202627216,0.0360846493306887,0.002420499534338781
2003-12,svr_train,2.365460695646826,2.4873230548045626,2.5134696303149866,0.014850434579489183,0.021906644741603823,-0.006372566751192335
2004-01,svr_train,2.273246176080066,2.461469179888796,2.470589789920307,0.0354278991627812,0.03894450192352612,-0.003433417233398031
2004-02,svr_train,2.717726400142699,2.400899253074696,2.4093028502841904,0.10037944111924978,0.09512508610732381,0.005324975457985381
2004-03,svr_train,2.526299198652138,2.593756896039583,2.6076416585534865,0.004550540936816075,0.006616595782802466,-0.0018732682159188895
2004-04,svr_train,2.4901651507619698,2.4993604927683974,2.5086739914086262,8.455431461517356e-05,0.00034257718208332297,-0.0001712816105466059
2004-05,svr_train,2.2964131564483927,2.480263585087975,2.5084625415223214,0.03380098011095808,0.044964941710231285,-0.010368780455287031
2004-06,svr_train,2.369890747646318,2.365440946034412,2.390776523373282,1.980073438532026e-05,0.00043621562771703097,0.00022547658576213756
2004-07,svr_train,2.6006297802671194,2.3830010408672555,2.4017302783617156,0.04736226821277389,0.03956101185821775,0.008152040691680032
2004-08,svr_train,2.2422261740046117,2.498480254837981,2.5190101494295414,0.06566615394375509,0.0766093690520281,-0.01052173853633244
2004-09,svr_train,2.5005590747022066,2.3216004401667867,2.355412733381,0.032026192874782,0.02106746039893215,0.012102003648253798
2004-10,svr_train,2.3052340635406945,2.4421632937441764,2.4657456523931116,0.018749614084118144,0.025763970155927397,-0.006458228432362243
2004-11,svr_train,2.2211143536679736,2.3385514931024627,2.3696730631359615,0.01379148171855563,0.022069690158794033,-0.007309656318888434
2004-12,svr_train,2.3860956427459343,2.2970950550307654,2.3366559952078596,0.007921104613645482,0.0024442787486890585,0.00704189385265205
2005-01,svr_train,2.383612561823887,2.3669131232751033,2.3889073417637907,0.00027887124784459736,2.803469461200879e-05,0.0007345822001607087
2005-02,svr_train,2.2498448315648445,2.3711377541939394,2.387114350409009,0.01471197307990759,0.0188429208037084,-0.003875696097181438
2005-03,svr_train,2.6928618327728517,2.2975424963899522,2.333587465979263,0.15627737771821607,0.12907807063493426,0.028498546915976142
2005-04,svr_train,2.3496416429708926,2.519268674077246,2.541949625338963,0.028773329681955732,0.03698236008247809,-0.007694604850385967
2005-05,svr_train,2.080996082802591,2.3597006289450997,2.3937579285686637,0.07767622404050184,0.09781997216700071,-0.018983848468849665
2005-06,svr_train,2.238157919457266,2.231034106535918,2.2639108183567536,5.0748710538364795e-05,0.0006632118017272249,0.00046841508896140543
2005-07,svr_train,2.1958729937488366,2.276327241690104,2.311422553985358,0.006472886011794953,0.013351700870853463,-0.00564713391395712
2005-08,svr_train,2.1941633736111807,2.239496943095893,2.2797977182867832,0.002055132522225222,0.0073332409880198885,-0.0036539559848079817
2005-09,svr_train,2.7309522626428704,2.241424733225979,2.2566458788363297,0.23963720205700556,0.22496654571963745,0.014902339611059606
2005-10,svr_train,2.1452351999962262,2.5196377226970954,2.538772787331196,0.14017724900477485,0.15487183264542898,-0.014328432942102926
2005-11,svr_train,2.0169468376564414,2.2513435954077634,2.2771044433533025,0.05494184004433191,0.06768197980192345,-0.012076518470718355
2005-12,svr_train,2.395872343091871,2.1868982975247846,2.214556907601158,0.04367015172067476,0.032875287147186884,0.011559863284844749
2006-01,svr_train,2.245358969597948,2.3363069921339505,2.370337145736169,0.008271542803209206,0.015619544510836176,-0.006189950353436386
2006-02,svr_train,2.08390094398437,2.268876927065099,2.277964673331403,0.03421611431668212,0.037660731048078426,-0.0033620295991955915
2006-03,svr_train,2.1753054599816717,2.194943872052324,2.2400969880629837,0.0003856672286567424,0.004197942111111449,-0.0017734709969826092
2006-04,svr_train,2.554294789239434,2.208451241005273,2.243250022858753,0.1196077598551945,0.09674884669281243,0.024069868380868165
2006-05,svr_train,2.8217176514916393,2.4018908511792576,2.4467156890450394,0.17625454226053244,0.14062647183880111,0.03763733651142495
2006-06,svr_train,2.70113865092547,2.5780801101162374,2.610735689346858,0.015143404466097516,0.008172695462183986,0.00803709585880086
2006-07,svr_train,2.102871018057053,2.5520644095047578,2.575592892078613,0.20177470292029082,0.2234659701784556,-0.021137677765936558
2006-08,svr_train,2.1630780191498804,2.271820643823064,2.2901674799150444,0.011824958420812909,0.016151731037580167,-0.003990166222181266
2006-09,svr_train,2.075362018201836,2.273238027560217,2.304722140417462,0.03915491507959796,0.05260606566276683,-0.01245990122076112
2006-10,svr_train,2.217738675077018,2.1844884071484176,2.221566210892142,0.0011055803173237136,1.4650030416057497e-05,0.002465693817365806
2006-11,svr_train,1.939063485489312,2.2543581325222872,2.2817394530368595,0.09941071444764839,0.11742681873464782,-0.017266367573877686
2006-12,svr_train,2.0736828814596744,2.1202572352413025,2.158945960961878,0.0021691704301762564,0.007269792726199126,-0.003603804798140935
2007-01,svr_train,2.6243316962800995,2.1740569345474268,2.210594521131052,0.20274736105341523,0.17117845010031363,0.03290390618645753
2007-02,svr_train,2.607489913892063,2.4579874782971665,2.4887721687601707,0.022350978248806212,0.014093903009200956,0.009204772406508242
2007-03,svr_train,2.1508805448369763,2.483174339768724,2.5183732458498116,0.11041916615014226,0.13505088529770914,-0.023392756158261654
2007-04,svr_train,2.2336423001679693,2.2771164433974906,2.320928175802199,0.0018900011295409386,0.007618824085234201,-0.003809355059391499
2007-05,svr_train,2.56166403148277,2.2925541431725396,2.331600918733014,0.07242013198634475,0.05292903584810699,0.02101574681990783
2007-06,svr_train,2.8150550499619187,2.425946414866677,2.464254673832377,0.15140552990568182,0.12306090389262796,0.029812148718036974
2007-07,svr_train,3.136313253788765,2.5728589070809877,2.6119980466745107,0.3174808008238881,0.27490643641126333,0.044106236660746034
2007-08,svr_train,2.746925497555129,2.79539804295966,2.8412864438482455,0.002349587657994292,0.008903988185332381,-0.004448655191226547
2007-09,svr_train,2.614217810934732,2.6368092103319776,2.6510055649338686,0.0005103713267258755,0.0013533388443010062,-0.0006414310335924972
2007-10,svr_train,3.2269677509313786,2.580165227299214,2.6100179071960157,0.4183535045769366,0.38062710968508867,0.03861757738886884
2007-11,svr_train,2.846060875958208,2.9003046641840364,2.930519986438079,0.002942388561088547,0.007133341343051108,-0.0032779870830469153
2007-12,svr_train,3.152207581915308,2.7438633210942203,2.767949947947982,0.16674503534552065,0.14765392926216753,0.019671271676545476
2008-01,svr_train,2.9920119923248247,2.9209946058359106,2.993657006922714,0.005043469183715798,2.706073027269423e-06,0.010320587642388038
2008-02,svr_train,3.333025710435989,2.848306930806869,2.8766156599525976,0.2349522953251433,0.20831013418225172,0.027443545288737825
2008-03,svr_train,2.8766298377445794,3.044859987553333,3.1371777316790057,0.02830138330467572,0.06788520503366507,-0.03106125584853619
2008-04,svr_train,2.600958296130841,2.838911449568813,2.8675526887349703,0.056621703231074925,0.07107257016796457,-0.013630546355916616
2008-05,svr_train,2.9760847555964163,2.707679008467097,2.7330599150064847,0.07204164509204809,0.05906107314376165,0.013624762365047581
2008-06,svr_train,3.0952507084339858,2.8633332015537305,2.9046408284895375,0.053785729997553246,0.036332126332436966,0.01915992370818409
2008-07,svr_train,2.9821016567166034,2.9340396895799667,2.9649199556472414,0.0023099526850431447,0.0002952108516369156,0.002968332665791905
2008-08,svr_train,3.938632832310817,2.889294846487755,2.91394114709351,1.1011102084912003,1.049993049753484,0.05172459887126557
2008-09,svr_train,4.346926383396972,3.4412228772115,3.550747795322929,0.8202988411166567,0.633900344107576,0.19839420469639601
2008-10,svr_train,4.221007139199335,3.771978966453532,3.876354818172096,0.20162629991943448,0.11878522238946299,0.0937353959519471
2008-11,svr_train,3.875688905900802,3.7868912678075524,3.782150320536614,0.007885020530939769,0.008749466951933552,-0.0008419698399679629
2008-12,svr_train,3.6493615436118882,3.6474529832492095,3.598286484172406,3.6426026579883425e-06,0.0026086616967466404,-0.00018767446261933415
2009-01,svr_train,3.5591887315483883,3.5257123879816072,3.492479791958859,0.0011206655786011653,0.004450082621159496,-0.0022250116041471375
2009-02,svr_train,3.878022868744942,3.4602870654284557,3.4551833427869587,0.17450320137247002,0.1787932647123719,-0.004264015355100542
2009-03,svr_train,3.4311154980061596,3.620084655650272,3.610547459199361,0.035709342540725476,0.0321958286976386,0.0036044719592301447
2009-04,svr_train,3.3490160969984033,3.4131619120867596,3.385374503600312,0.004114685593349594,0.0013219337306297019,0.0035648919331126025
2009-05,svr_train,3.0090672912330283,3.371656433006046,3.382161038281093,0.13147088573169347,0.13919894408636524,-0.007617711622687234
2009-06,svr_train,3.0359982388748934,3.176322304515841,3.1857274695661495,0.01969084339800493,0.022418842523395387,-0.0026395419957669086
2009-07,svr_train,2.8095064732404746,3.1690851450196718,3.1402051797000134,0.12929682119849156,0.10936163445401222,0.020769239141344015
2009-08,svr_train,2.7295927170614096,3.0383294627094966,3.022465649108099,0.09531837811337154,0.08577455432562461,0.009795484369726826
2009-09,svr_train,3.05503198834843,2.9701427012479598,2.9364095033439717,0.007206191064426032,0.0140712939486329,-0.005727174243377241
2009-10,svr_train,2.7847069658595585,3.075825969442526,3.0536938643456972,0.08475027424713978,0.07235395155719232,0.012886152765964526
2009-11,svr_train,2.3601344473939756,2.903310636073396,2.90607783485522,0.29504037194830135,0.2980541823126583,-0.0030061529752588023
2009-12,svr_train,2.7734069668238934,2.663404856761462,2.687205138694221,0.012100464218187255,0.007430755172897574,0.005236162465368494
2010-01,post_sample,2.871082491181208,2.8154699057409127,2.8490980211884325,0.0030927596593541503,0.00048331692086325036,0.003740292887042617
2010-02,post_sample,2.2089913090185576,2.8491250630248652,2.863220896163215,0.409771223018208,0.4280163526954687,-0.0180464371653965
2010-03,post_sample,2.699253266901686,2.483518179086951,2.505846101422137,0.046541628114431445,0.03740633165883376,0.009633832571403773
2010-04,post_sample,3.488845936511422,2.682622781149708,2.7546472377624545,0.6499957762413989,0.5390477292446775,0.11613556934708291
2010-05,post_sample,3.260323403352074,3.1103477851811885,3.160945023511374,0.022492686045739257,0.009876062379762442,0.015176704192618417
2010-06,post_sample,3.042656374826627,3.0381299223449414,3.0439207726081356,2.0488772068958683e-05,1.5987017498837498e-06,5.2424017089811945e-05
2010-07,post_sample,2.904553813026178,2.944595217683441,2.9742639309922088,0.0016033140869267028,0.004859500546837941,-0.002375953910513393
2010-08,post_sample,2.856113360719432,2.85543645765064,2.880138800973364,4.581977645395472e-07,0.0005772217793952746,3.34421840029934e-05
2010-09,post_sample,2.4673434300502115,2.8153525292186803,2.8206813124296017,0.12111033310404914,0.1248476591243518,-0.003708930089793658
2010-10,post_sample,2.6859000716539203,2.6037372276754436,2.6242849260579453,0.00675073293063151,0.003796426166813201,0.0033765146726365716
2010-11,post_sample,2.2783982266404297,2.6925007872206925,2.7019724087913493,0.17148093067913026,0.1794150877848204,-0.007844445490512414
2010-12,post_sample,2.4127317997577995,2.478249914278929,2.454874633024773,0.004292623330403832,0.0017760183957679133,0.0030630087083468203
2011-01,post_sample,2.5545827735268416,2.5331657816329276,2.5435821043913722,0.00045868754178397776,0.00012101472142806856,0.0004461726001640005
2011-02,post_sample,2.773006278816003,2.585830149835794,2.602041277725417,0.03503490326001574,0.029229031597903955,0.006068672329565497
2011-03,post_sample,2.2478596581131063,2.7160856170723857,2.741910955010534,0.21923554864333683,0.24408668396603034,-0.024184187243073946
2011-04,post_sample,2.4291521454929854,2.4638833041544395,2.497425818594955,0.0012062533819670943,0.004661294438834627,-0.0023299407818753283
2011-05,post_sample,2.8108300757676066,2.5050890000428154,2.583649075837453,0.09347760538535248,0.051611206729264406,0.04803808416494728
2011-06,post_sample,2.7649594837503124,2.6649028721111914,2.7189103908887864,0.010011325532701894,0.0021205189533694477,0.010807618663844725
2011-07,post_sample,3.8656956085871097,2.6525231168617536,2.6570497868745995,1.4717874946791092,1.460824722343109,0.01098326307740538
2011-08,post_sample,3.3919096513754736,3.339095866459534,3.37559490213316,0.0027892958771471503,0.0002661710428395678,0.00385530443941223
2011-09,post_sample,3.4532079912624445,3.151957296381046,3.1734425922072913,0.09075198116652555,0.0782686785084891,0.012944920594777726
2011-10,post_sample,3.4387628679221014,3.2155079192387825,3.2072142597843203,0.049842772111591334,0.05361475793054371,-0.0037032010318057834
2011-11,post_sample,2.9537566053438273,3.2021714183478864,3.1897370418498303,0.06170991931984165,0.0556867664135637,0.006177766625173359
2011-12,post_sample,2.23857339821296,2.96924881021829,2.9557052261548202,0.5338865577091588,0.5142780586472337,0.019791927731209302
2012-01,post_sample,2.291416887686206,2.601229386794462,2.597036637539796,0.09598378460370287,0.09340343150057091,0.0025979322494444484
2012-02,post_sample,2.501691072197871,2.5587496750444902,2.5497090077773223,0.003255684158808237,0.0023057221373123486,0.0010316956861315296
2012-03,post_sample,2.714060729455662,2.622877678038636,2.6466264537348,0.008314348865720045,0.004547381541997257,0.0043309716707895015
2012-04,post_sample,2.60976309677998,2.7477155757174647,2.7882767249903915,0.01903088644499714,0.03186711545684499,-0.0111910221815072
2012-05,post_sample,3.0452769701585556,2.710622821386819,2.7453064048297704,0.11199339929013569,0.08998234006367098,0.023214010186908884
2012-06,post_sample,2.632843365527035,2.9454911757204507,2.9874690650850777,0.09774865321873802,0.12575938678703108,-0.026248590372784195
2012-07,post_sample,2.236913156021237,2.7479664058981816,2.7831182721605963,0.2611754242097866,0.2983400288968107,-0.03592895098529342
2012-08,post_sample,2.48058938029183,2.5011483582033236,2.5598349711804533,0.0004226715727652741,0.006279863675287033,-0.0024130735597943462
2012-09,post_sample,2.3467882947378107,2.55830074510005,2.5997886679642477,0.044737516658238795,0.0640091888527164,-0.017550424450892006
2012-10,post_sample,2.7266158773379288,2.4474310534227466,2.496567131987453,0.07794416590455128,0.052922425237327965,0.027436094883940332
2012-11,post_sample,2.4114159296135367,2.6134633908046396,2.616162582664309,0.040823176573770256,0.04192119193549329,-0.001090729725027731
2012-12,post_sample,2.3568310967017836,2.447641453664665,2.46354537421998,0.008246520931725926,0.011387937026230685,-0.0028884814054749783
2013-01,post_sample,2.576287226357889,2.423479422020813,2.4479555930007075,0.02335022506631816,0.016469008120122076,0.00748029989203312
2013-02,post_sample,2.071317300674925,2.5229034484944624,2.553566428991442,0.203930048902489,0.2325642217620404,-0.02769395448659323
2013-03,post_sample,2.6827701180709003,2.268853867493746,2.333034669802578,0.1713266624918494,0.12231488377544439,0.05313095410141036
2013-04,post_sample,2.4285322230670032,2.5725122897635355,2.6178969230442206,0.020730259605937888,0.03585898959746155,-0.013068965053501396
2013-05,post_sample,2.81055498103749,2.442903144987195,2.478723036882466,0.13516787255115312,0.11011243916170306,0.026338498044838954
2013-06,post_sample,2.08495028818294,2.638167635889687,2.7062699782198556,0.3060494338036878,0.3860381572275691,-0.07535079439302583
2013-07,post_sample,2.4193621881194254,2.2710086903864743,2.3418401386190015,0.022008760289600707,0.006009668158746166,0.02101618618957172
2013-08,post_sample,2.1642009702370286,2.429736985301092,2.4858450511639476,0.07050937529610246,0.10345491479532241,-0.029797424444349407
2013-09,post_sample,2.567397125079441,2.2691157948060967,2.322202232402314,0.088971751989636,0.060120535394947834,0.031669386451345254
2013-10,post_sample,2.2783038429506126,2.4831942259829605,2.503857350467073,0.04198006905914222,0.050874384752978015,-0.008467350980389858
2013-11,post_sample,2.2306868579200034,2.3323067529025403,2.368528285345225,0.010326603056261823,0.019000259114622678,-0.007361656645864379
2013-12,post_sample,2.5815854780992304,2.308909116946529,2.3631328912613845,0.07435239793147859,0.04772153269614663,0.029571082936280364
2014-01,post_sample,2.606839795694043,2.478092789043659,2.516954190191705,0.016575791721434013,0.008079422076521903,0.010006578144101472
2014-02,post_sample,2.3862398113307712,2.5054917270399595,2.5421639698238083,0.01422101940031134,0.02431234320176175,-0.008746470410652856
2014-03,post_sample,2.653728734132055,2.4119453727911986,2.4344119522902288,0.05845919382128304,0.0480998507974551,0.010864090218214183
2014-04,post_sample,2.2031449434047805,2.5388658539202735,2.5808063356847457,0.11270852975735167,0.14262812721884177,-0.028160593450854074
2014-05,post_sample,1.841259635480627,2.3112604798008487,2.3586532409031387,0.22090079366172127,0.2676961429321057,-0.044549275465485705
2014-06,post_sample,2.393660409542257,2.1084698600830873,2.162194203643056,0.08133364950082315,0.0535766044733713,0.030643350118401413
2014-07,post_sample,2.094254315473256,2.350202128928256,2.405516645661658,0.06550928321239556,0.09688423819431385,-0.028315259220468486
2014-08,post_sample,2.270399025503788,2.201294290247442,2.2619356863922246,0.004775464434849651,7.162810891731473e-05,0.008381215252320802
2014-09,post_sample,2.9062715668521024,2.2983700386713304,2.3416377074020924,0.36954426796451795,0.31881139523741364,0.052604963884499256
2014-10,post_sample,1.5637153357401123,2.6447975313965117,2.6625104037076563,1.1687387137652614,1.2073506013897997,-0.03829814177902735
2014-11,post_sample,2.735618224603052,2.0126904615521513,2.0628471149183003,0.5226245505897791,0.45262096602645197,0.07251927444021916
2014-12,post_sample,2.836229797672629,2.58265731851355,2.6081080660338203,0.06429900218688166,0.05203952444588874,0.012907218290333464
2015-01,post_sample,2.3512068077388237,2.630020509337396,2.6518607021428733,0.07773708019909761,0.09039276422032137,-0.012178689999443326
2015-02,post_sample,2.5967142789004143,2.420506533748039,2.4448252722220154,0.031049169451684386,0.0230702703497507,0.008570300142899338
2015-03,post_sample,2.1552277210860646,2.526796256702979,2.556401073116912,0.13806317666049808,0.16094005837966602,-0.022000436564265258
2015-04,post_sample,2.3085838634034497,2.2865693985589752,2.324462449091231,0.0004846366623886013,0.00025212948344421063,0.0016683904575844721
2015-05,post_sample,2.407134328104305,2.3536852310091247,2.3983161046291706,0.002856805980290024,7.776106525741516e-05,0.0047709597951211095
2015-06,post_sample,2.453234608164273,2.390616098412294,2.4302186405513178,0.003921077763558678,0.0005297347651605982,0.004959704342271236
2015-07,post_sample,3.2507925611928448,2.4261749451563066,2.470386920002172,0.6799942126777835,0.6090329648022248,0.07291594659533018
2015-08,post_sample,3.0850521672496556,2.889170452473379,2.9466273639945237,0.03836964618369466,0.01916142615622196,0.022509516709021377
2015-09,post_sample,2.654884050692498,2.8611258376004702,2.8756649910166763,0.04253567466699334,0.048744223610428274,-0.00599716196137496
2015-10,post_sample,2.4681586345568762,2.667591182901581,2.6678361970924636,0.039773341339262934,0.03987112898015339,-9.772760893671933e-05
2015-11,post_sample,2.8785719962154377,2.55318175810538,2.5594574751910018,0.10587880705731993,0.10183407752865517,0.004084114153603519
2015-12,post_sample,3.197040379428307,2.7232438844296505,2.7437629756207857,0.22448311867301182,0.20546040480248656,0.019443746973835385
2016-01,post_sample,2.933885501881644,2.913334526942389,3.0097274614825076,0.0004223425709538759,0.005752002836099042,0.003961937564110391
2016-02,post_sample,2.549966028799782,2.820657962541285,2.8792231181174914,0.07327412299271426,0.10841023086597004,-0.03170623042559054
